dataset,variant,seed,task,queries,gallery,corruption,corruption_display,severity_index,parameter,value,units,metric,clean_fraction,corrupted_fraction,absolute_drop_fraction,percentage_point_drop,relative_drop_fraction,relative_drop_percent,retained_percent_of_clean,checkpoint_sha256,robustness_run_config_sha256,evaluator_sha256,frozen_protocol_sha256
sues200,visual,1,sues200_uav_200m_to_satellite,4000,200,gaussian_noise,Gaussian noise,1,standard_deviation,0.02,"fraction of the [0,1] RGB intensity range",r_at_1,0.4145,0.41375,0.0007499999999999729,0.07499999999999729,0.001809408926417305,0.1809408926417305,99.81905910735827,b9da9c88f13541f05c17848eab9c43a2f332adbd22ee8880b82149ee8cc03a7a,d19283877ee9967fc36ca82155564cdc5945a44f7633273e119a661bf684f6d9,4f33b8aa96fb7d046f570bc65cce36bdb3c47b1875395b11b1565f2dd71c167a,29c0502b07f09d45c6fd7d4a5b582fdd9a443acc9e8b818cd9941c18a0ee34f9
sues200,visual,1,sues200_uav_200m_to_satellite,4000,200,gaussian_noise,Gaussian noise,2,standard_deviation,0.04,"fraction of the [0,1] RGB intensity range",r_at_1,0.4145,0.40225,0.012249999999999983,1.2249999999999983,0.029553679131483677,2.955367913148368,97.04463208685164,b9da9c88f13541f05c17848eab9c43a2f332adbd22ee8880b82149ee8cc03a7a,d19283877ee9967fc36ca82155564cdc5945a44f7633273e119a661bf684f6d9,4f33b8aa96fb7d046f570bc65cce36bdb3c47b1875395b11b1565f2dd71c167a,29c0502b07f09d45c6fd7d4a5b582fdd9a443acc9e8b818cd9941c18a0ee34f9
sues200,visual,1,sues200_uav_200m_to_satellite,4000,200,gaussian_noise,Gaussian noise,3,standard_deviation,0.08,"fraction of the [0,1] RGB intensity range",r_at_1,0.4145,0.31275,0.10175000000000001,10.175,0.2454764776839566,24.54764776839566,75.45235223160434,b9da9c88f13541f05c17848eab9c43a2f332adbd22ee8880b82149ee8cc03a7a,d19283877ee9967fc36ca82155564cdc5945a44f7633273e119a661bf684f6d9,4f33b8aa96fb7d046f570bc65cce36bdb3c47b1875395b11b1565f2dd71c167a,29c0502b07f09d45c6fd7d4a5b582fdd9a443acc9e8b818cd9941c18a0ee34f9
sues200,visual,1,sues200_uav_200m_to_satellite,4000,200,gaussian_noise,Gaussian noise,4,standard_deviation,0.12,"fraction of the [0,1] RGB intensity range",r_at_1,0.4145,0.206,0.2085,20.849999999999998,0.503015681544029,50.3015681544029,49.6984318455971,b9da9c88f13541f05c17848eab9c43a2f332adbd22ee8880b82149ee8cc03a7a,d19283877ee9967fc36ca82155564cdc5945a44f7633273e119a661bf684f6d9,4f33b8aa96fb7d046f570bc65cce36bdb3c47b1875395b11b1565f2dd71c167a,29c0502b07f09d45c6fd7d4a5b582fdd9a443acc9e8b818cd9941c18a0ee34f9
sues200,visual,1,sues200_uav_200m_to_satellite,4000,200,gaussian_noise,Gaussian noise,5,standard_deviation,0.18,"fraction of the [0,1] RGB intensity range",r_at_1,0.4145,0.0925,0.32199999999999995,32.199999999999996,0.7768395657418575,77.68395657418576,22.316043425814236,b9da9c88f13541f05c17848eab9c43a2f332adbd22ee8880b82149ee8cc03a7a,d19283877ee9967fc36ca82155564cdc5945a44f7633273e119a661bf684f6d9,4f33b8aa96fb7d046f570bc65cce36bdb3c47b1875395b11b1565f2dd71c167a,29c0502b07f09d45c6fd7d4a5b582fdd9a443acc9e8b818cd9941c18a0ee34f9
sues200,visual,1,sues200_uav_200m_to_satellite,4000,200,gaussian_blur,Gaussian blur,1,radius,0.5,pixels in the decoded source image,r_at_1,0.4145,0.41775,-0.0032500000000000306,-0.32500000000000306,-0.007840772014475346,-0.7840772014475346,100.78407720144753,b9da9c88f13541f05c17848eab9c43a2f332adbd22ee8880b82149ee8cc03a7a,d19283877ee9967fc36ca82155564cdc5945a44f7633273e119a661bf684f6d9,4f33b8aa96fb7d046f570bc65cce36bdb3c47b1875395b11b1565f2dd71c167a,29c0502b07f09d45c6fd7d4a5b582fdd9a443acc9e8b818cd9941c18a0ee34f9
sues200,visual,1,sues200_uav_200m_to_satellite,4000,200,gaussian_blur,Gaussian blur,2,radius,1.0,pixels in the decoded source image,r_at_1,0.4145,0.428,-0.013500000000000012,-1.3500000000000012,-0.03256936067551269,-3.256936067551269,103.25693606755127,b9da9c88f13541f05c17848eab9c43a2f332adbd22ee8880b82149ee8cc03a7a,d19283877ee9967fc36ca82155564cdc5945a44f7633273e119a661bf684f6d9,4f33b8aa96fb7d046f570bc65cce36bdb3c47b1875395b11b1565f2dd71c167a,29c0502b07f09d45c6fd7d4a5b582fdd9a443acc9e8b818cd9941c18a0ee34f9
sues200,visual,1,sues200_uav_200m_to_satellite,4000,200,gaussian_blur,Gaussian blur,3,radius,2.0,pixels in the decoded source image,r_at_1,0.4145,0.32375,0.09075,9.075,0.21893848009650183,21.89384800965018,78.10615199034983,b9da9c88f13541f05c17848eab9c43a2f332adbd22ee8880b82149ee8cc03a7a,d19283877ee9967fc36ca82155564cdc5945a44f7633273e119a661bf684f6d9,4f33b8aa96fb7d046f570bc65cce36bdb3c47b1875395b11b1565f2dd71c167a,29c0502b07f09d45c6fd7d4a5b582fdd9a443acc9e8b818cd9941c18a0ee34f9
sues200,visual,1,sues200_uav_200m_to_satellite,4000,200,gaussian_blur,Gaussian blur,4,radius,3.0,pixels in the decoded source image,r_at_1,0.4145,0.197,0.21749999999999997,21.749999999999996,0.5247285886610373,52.472858866103735,47.52714113389626,b9da9c88f13541f05c17848eab9c43a2f332adbd22ee8880b82149ee8cc03a7a,d19283877ee9967fc36ca82155564cdc5945a44f7633273e119a661bf684f6d9,4f33b8aa96fb7d046f570bc65cce36bdb3c47b1875395b11b1565f2dd71c167a,29c0502b07f09d45c6fd7d4a5b582fdd9a443acc9e8b818cd9941c18a0ee34f9
sues200,visual,1,sues200_uav_200m_to_satellite,4000,200,gaussian_blur,Gaussian blur,5,radius,4.0,pixels in the decoded source image,r_at_1,0.4145,0.13025,0.28425,28.425,0.6857659831121834,68.57659831121833,31.423401688781667,b9da9c88f13541f05c17848eab9c43a2f332adbd22ee8880b82149ee8cc03a7a,d19283877ee9967fc36ca82155564cdc5945a44f7633273e119a661bf684f6d9,4f33b8aa96fb7d046f570bc65cce36bdb3c47b1875395b11b1565f2dd71c167a,29c0502b07f09d45c6fd7d4a5b582fdd9a443acc9e8b818cd9941c18a0ee34f9
sues200,visual,1,sues200_uav_200m_to_satellite,4000,200,brightness,Brightness,1,factor,0.8,multiplicative Pillow brightness factor,r_at_1,0.4145,0.429,-0.014500000000000013,-1.4500000000000013,-0.03498190591073586,-3.498190591073586,103.49819059107358,b9da9c88f13541f05c17848eab9c43a2f332adbd22ee8880b82149ee8cc03a7a,d19283877ee9967fc36ca82155564cdc5945a44f7633273e119a661bf684f6d9,4f33b8aa96fb7d046f570bc65cce36bdb3c47b1875395b11b1565f2dd71c167a,29c0502b07f09d45c6fd7d4a5b582fdd9a443acc9e8b818cd9941c18a0ee34f9
sues200,visual,1,sues200_uav_200m_to_satellite,4000,200,brightness,Brightness,2,factor,0.65,multiplicative Pillow brightness factor,r_at_1,0.4145,0.43275,-0.018250000000000044,-1.8250000000000044,-0.044028950542822784,-4.402895054282278,104.40289505428228,b9da9c88f13541f05c17848eab9c43a2f332adbd22ee8880b82149ee8cc03a7a,d19283877ee9967fc36ca82155564cdc5945a44f7633273e119a661bf684f6d9,4f33b8aa96fb7d046f570bc65cce36bdb3c47b1875395b11b1565f2dd71c167a,29c0502b07f09d45c6fd7d4a5b582fdd9a443acc9e8b818cd9941c18a0ee34f9
sues200,visual,1,sues200_uav_200m_to_satellite,4000,200,brightness,Brightness,3,factor,0.5,multiplicative Pillow brightness factor,r_at_1,0.4145,0.44975,-0.035250000000000004,-3.5250000000000004,-0.08504221954161642,-8.504221954161642,108.50422195416165,b9da9c88f13541f05c17848eab9c43a2f332adbd22ee8880b82149ee8cc03a7a,d19283877ee9967fc36ca82155564cdc5945a44f7633273e119a661bf684f6d9,4f33b8aa96fb7d046f570bc65cce36bdb3c47b1875395b11b1565f2dd71c167a,29c0502b07f09d45c6fd7d4a5b582fdd9a443acc9e8b818cd9941c18a0ee34f9
sues200,visual,1,sues200_uav_200m_to_satellite,4000,200,brightness,Brightness,4,factor,0.35,multiplicative Pillow brightness factor,r_at_1,0.4145,0.41275,0.0017499999999999738,0.17499999999999738,0.0042219541616404675,0.42219541616404677,99.57780458383594,b9da9c88f13541f05c17848eab9c43a2f332adbd22ee8880b82149ee8cc03a7a,d19283877ee9967fc36ca82155564cdc5945a44f7633273e119a661bf684f6d9,4f33b8aa96fb7d046f570bc65cce36bdb3c47b1875395b11b1565f2dd71c167a,29c0502b07f09d45c6fd7d4a5b582fdd9a443acc9e8b818cd9941c18a0ee34f9
sues200,visual,1,sues200_uav_200m_to_satellite,4000,200,brightness,Brightness,5,factor,0.2,multiplicative Pillow brightness factor,r_at_1,0.4145,0.1965,0.21799999999999997,21.799999999999997,0.525934861278649,52.5934861278649,47.40651387213511,b9da9c88f13541f05c17848eab9c43a2f332adbd22ee8880b82149ee8cc03a7a,d19283877ee9967fc36ca82155564cdc5945a44f7633273e119a661bf684f6d9,4f33b8aa96fb7d046f570bc65cce36bdb3c47b1875395b11b1565f2dd71c167a,29c0502b07f09d45c6fd7d4a5b582fdd9a443acc9e8b818cd9941c18a0ee34f9
sues200,visual,1,sues200_uav_200m_to_satellite,4000,200,contrast,Contrast,1,factor,0.8,multiplicative Pillow contrast factor,r_at_1,0.4145,0.39825,0.016249999999999987,1.6249999999999987,0.03920386007237633,3.920386007237633,96.07961399276238,b9da9c88f13541f05c17848eab9c43a2f332adbd22ee8880b82149ee8cc03a7a,d19283877ee9967fc36ca82155564cdc5945a44f7633273e119a661bf684f6d9,4f33b8aa96fb7d046f570bc65cce36bdb3c47b1875395b11b1565f2dd71c167a,29c0502b07f09d45c6fd7d4a5b582fdd9a443acc9e8b818cd9941c18a0ee34f9
sues200,visual,1,sues200_uav_200m_to_satellite,4000,200,contrast,Contrast,2,factor,0.65,multiplicative Pillow contrast factor,r_at_1,0.4145,0.3735,0.04099999999999998,4.099999999999998,0.09891435464414954,9.891435464414954,90.10856453558505,b9da9c88f13541f05c17848eab9c43a2f332adbd22ee8880b82149ee8cc03a7a,d19283877ee9967fc36ca82155564cdc5945a44f7633273e119a661bf684f6d9,4f33b8aa96fb7d046f570bc65cce36bdb3c47b1875395b11b1565f2dd71c167a,29c0502b07f09d45c6fd7d4a5b582fdd9a443acc9e8b818cd9941c18a0ee34f9
sues200,visual,1,sues200_uav_200m_to_satellite,4000,200,contrast,Contrast,3,factor,0.5,multiplicative Pillow contrast factor,r_at_1,0.4145,0.3205,0.09399999999999997,9.399999999999997,0.22677925211097702,22.6779252110977,77.32207478890228,b9da9c88f13541f05c17848eab9c43a2f332adbd22ee8880b82149ee8cc03a7a,d19283877ee9967fc36ca82155564cdc5945a44f7633273e119a661bf684f6d9,4f33b8aa96fb7d046f570bc65cce36bdb3c47b1875395b11b1565f2dd71c167a,29c0502b07f09d45c6fd7d4a5b582fdd9a443acc9e8b818cd9941c18a0ee34f9
sues200,visual,1,sues200_uav_200m_to_satellite,4000,200,contrast,Contrast,4,factor,0.35,multiplicative Pillow contrast factor,r_at_1,0.4145,0.2465,0.16799999999999998,16.799999999999997,0.40530759951749096,40.5307599517491,59.4692400482509,b9da9c88f13541f05c17848eab9c43a2f332adbd22ee8880b82149ee8cc03a7a,d19283877ee9967fc36ca82155564cdc5945a44f7633273e119a661bf684f6d9,4f33b8aa96fb7d046f570bc65cce36bdb3c47b1875395b11b1565f2dd71c167a,29c0502b07f09d45c6fd7d4a5b582fdd9a443acc9e8b818cd9941c18a0ee34f9
sues200,visual,1,sues200_uav_200m_to_satellite,4000,200,contrast,Contrast,5,factor,0.2,multiplicative Pillow contrast factor,r_at_1,0.4145,0.12625,0.28825,28.825,0.695416164053076,69.54161640530761,30.458383594692403,b9da9c88f13541f05c17848eab9c43a2f332adbd22ee8880b82149ee8cc03a7a,d19283877ee9967fc36ca82155564cdc5945a44f7633273e119a661bf684f6d9,4f33b8aa96fb7d046f570bc65cce36bdb3c47b1875395b11b1565f2dd71c167a,29c0502b07f09d45c6fd7d4a5b582fdd9a443acc9e8b818cd9941c18a0ee34f9
sues200,visual,1,sues200_uav_200m_to_satellite,4000,200,center_occlusion,Center occlusion,1,area_fraction,0.05,fraction of decoded source-image area,r_at_1,0.4145,0.322,0.09249999999999997,9.249999999999996,0.22316043425814228,22.31604342581423,77.68395657418577,b9da9c88f13541f05c17848eab9c43a2f332adbd22ee8880b82149ee8cc03a7a,d19283877ee9967fc36ca82155564cdc5945a44f7633273e119a661bf684f6d9,4f33b8aa96fb7d046f570bc65cce36bdb3c47b1875395b11b1565f2dd71c167a,29c0502b07f09d45c6fd7d4a5b582fdd9a443acc9e8b818cd9941c18a0ee34f9
sues200,visual,1,sues200_uav_200m_to_satellite,4000,200,center_occlusion,Center occlusion,2,area_fraction,0.1,fraction of decoded source-image area,r_at_1,0.4145,0.20125,0.21324999999999997,21.324999999999996,0.5144752714113389,51.44752714113389,48.5524728588661,b9da9c88f13541f05c17848eab9c43a2f332adbd22ee8880b82149ee8cc03a7a,d19283877ee9967fc36ca82155564cdc5945a44f7633273e119a661bf684f6d9,4f33b8aa96fb7d046f570bc65cce36bdb3c47b1875395b11b1565f2dd71c167a,29c0502b07f09d45c6fd7d4a5b582fdd9a443acc9e8b818cd9941c18a0ee34f9
sues200,visual,1,sues200_uav_200m_to_satellite,4000,200,center_occlusion,Center occlusion,3,area_fraction,0.2,fraction of decoded source-image area,r_at_1,0.4145,0.0615,0.353,35.3,0.8516284680337757,85.16284680337756,14.837153196622438,b9da9c88f13541f05c17848eab9c43a2f332adbd22ee8880b82149ee8cc03a7a,d19283877ee9967fc36ca82155564cdc5945a44f7633273e119a661bf684f6d9,4f33b8aa96fb7d046f570bc65cce36bdb3c47b1875395b11b1565f2dd71c167a,29c0502b07f09d45c6fd7d4a5b582fdd9a443acc9e8b818cd9941c18a0ee34f9
sues200,visual,1,sues200_uav_200m_to_satellite,4000,200,center_occlusion,Center occlusion,4,area_fraction,0.3,fraction of decoded source-image area,r_at_1,0.4145,0.03175,0.38275,38.275,0.9234016887816646,92.34016887816647,7.659831121833534,b9da9c88f13541f05c17848eab9c43a2f332adbd22ee8880b82149ee8cc03a7a,d19283877ee9967fc36ca82155564cdc5945a44f7633273e119a661bf684f6d9,4f33b8aa96fb7d046f570bc65cce36bdb3c47b1875395b11b1565f2dd71c167a,29c0502b07f09d45c6fd7d4a5b582fdd9a443acc9e8b818cd9941c18a0ee34f9
sues200,visual,1,sues200_uav_200m_to_satellite,4000,200,center_occlusion,Center occlusion,5,area_fraction,0.4,fraction of decoded source-image area,r_at_1,0.4145,0.01475,0.39975,39.975,0.9644149577804584,96.44149577804583,3.5585042219541614,b9da9c88f13541f05c17848eab9c43a2f332adbd22ee8880b82149ee8cc03a7a,d19283877ee9967fc36ca82155564cdc5945a44f7633273e119a661bf684f6d9,4f33b8aa96fb7d046f570bc65cce36bdb3c47b1875395b11b1565f2dd71c167a,29c0502b07f09d45c6fd7d4a5b582fdd9a443acc9e8b818cd9941c18a0ee34f9
sues200,visual,1,sues200_uav_200m_to_satellite,4000,200,rotation,Rotation,1,magnitude,2.0,degrees,r_at_1,0.4145,0.41125,0.003249999999999975,0.3249999999999975,0.007840772014475212,0.7840772014475212,99.21592279855248,b9da9c88f13541f05c17848eab9c43a2f332adbd22ee8880b82149ee8cc03a7a,d19283877ee9967fc36ca82155564cdc5945a44f7633273e119a661bf684f6d9,4f33b8aa96fb7d046f570bc65cce36bdb3c47b1875395b11b1565f2dd71c167a,29c0502b07f09d45c6fd7d4a5b582fdd9a443acc9e8b818cd9941c18a0ee34f9
sues200,visual,1,sues200_uav_200m_to_satellite,4000,200,rotation,Rotation,2,magnitude,5.0,degrees,r_at_1,0.4145,0.41525,-0.0007500000000000284,-0.07500000000000284,-0.001809408926417439,-0.1809408926417439,100.18094089264174,b9da9c88f13541f05c17848eab9c43a2f332adbd22ee8880b82149ee8cc03a7a,d19283877ee9967fc36ca82155564cdc5945a44f7633273e119a661bf684f6d9,4f33b8aa96fb7d046f570bc65cce36bdb3c47b1875395b11b1565f2dd71c167a,29c0502b07f09d45c6fd7d4a5b582fdd9a443acc9e8b818cd9941c18a0ee34f9
sues200,visual,1,sues200_uav_200m_to_satellite,4000,200,rotation,Rotation,3,magnitude,10.0,degrees,r_at_1,0.4145,0.40825,0.006249999999999978,0.6249999999999978,0.0150784077201447,1.50784077201447,98.49215922798554,b9da9c88f13541f05c17848eab9c43a2f332adbd22ee8880b82149ee8cc03a7a,d19283877ee9967fc36ca82155564cdc5945a44f7633273e119a661bf684f6d9,4f33b8aa96fb7d046f570bc65cce36bdb3c47b1875395b11b1565f2dd71c167a,29c0502b07f09d45c6fd7d4a5b582fdd9a443acc9e8b818cd9941c18a0ee34f9
sues200,visual,1,sues200_uav_200m_to_satellite,4000,200,rotation,Rotation,4,magnitude,15.0,degrees,r_at_1,0.4145,0.4155,-0.0010000000000000009,-0.10000000000000009,-0.002412545235223163,-0.2412545235223163,100.24125452352231,b9da9c88f13541f05c17848eab9c43a2f332adbd22ee8880b82149ee8cc03a7a,d19283877ee9967fc36ca82155564cdc5945a44f7633273e119a661bf684f6d9,4f33b8aa96fb7d046f570bc65cce36bdb3c47b1875395b11b1565f2dd71c167a,29c0502b07f09d45c6fd7d4a5b582fdd9a443acc9e8b818cd9941c18a0ee34f9
sues200,visual,1,sues200_uav_200m_to_satellite,4000,200,rotation,Rotation,5,magnitude,20.0,degrees,r_at_1,0.4145,0.4085,0.006000000000000005,0.6000000000000005,0.014475271411338976,1.4475271411338977,98.5524728588661,b9da9c88f13541f05c17848eab9c43a2f332adbd22ee8880b82149ee8cc03a7a,d19283877ee9967fc36ca82155564cdc5945a44f7633273e119a661bf684f6d9,4f33b8aa96fb7d046f570bc65cce36bdb3c47b1875395b11b1565f2dd71c167a,29c0502b07f09d45c6fd7d4a5b582fdd9a443acc9e8b818cd9941c18a0ee34f9
sues200,full,1,sues200_uav_200m_to_satellite,4000,200,gaussian_noise,Gaussian noise,1,standard_deviation,0.02,"fraction of the [0,1] RGB intensity range",r_at_1,0.3315,0.321,0.01050000000000001,1.050000000000001,0.031674208144796406,3.1674208144796405,96.83257918552036,7478740b013990c83c5c21f619bc89b2664ee70ff90fda18ab3b7ac420c870e9,f5f1752ceb01cb8f9e28cf70712d8bd4f4045cbf1d44f53b4c07a7babf8f9f21,4f33b8aa96fb7d046f570bc65cce36bdb3c47b1875395b11b1565f2dd71c167a,29c0502b07f09d45c6fd7d4a5b582fdd9a443acc9e8b818cd9941c18a0ee34f9
sues200,full,1,sues200_uav_200m_to_satellite,4000,200,gaussian_noise,Gaussian noise,2,standard_deviation,0.04,"fraction of the [0,1] RGB intensity range",r_at_1,0.3315,0.29875,0.03275,3.2750000000000004,0.09879336349924585,9.879336349924586,90.12066365007541,7478740b013990c83c5c21f619bc89b2664ee70ff90fda18ab3b7ac420c870e9,f5f1752ceb01cb8f9e28cf70712d8bd4f4045cbf1d44f53b4c07a7babf8f9f21,4f33b8aa96fb7d046f570bc65cce36bdb3c47b1875395b11b1565f2dd71c167a,29c0502b07f09d45c6fd7d4a5b582fdd9a443acc9e8b818cd9941c18a0ee34f9
sues200,full,1,sues200_uav_200m_to_satellite,4000,200,gaussian_noise,Gaussian noise,3,standard_deviation,0.08,"fraction of the [0,1] RGB intensity range",r_at_1,0.3315,0.26225,0.06925000000000003,6.925000000000003,0.20889894419306193,20.88989441930619,79.11010558069381,7478740b013990c83c5c21f619bc89b2664ee70ff90fda18ab3b7ac420c870e9,f5f1752ceb01cb8f9e28cf70712d8bd4f4045cbf1d44f53b4c07a7babf8f9f21,4f33b8aa96fb7d046f570bc65cce36bdb3c47b1875395b11b1565f2dd71c167a,29c0502b07f09d45c6fd7d4a5b582fdd9a443acc9e8b818cd9941c18a0ee34f9
sues200,full,1,sues200_uav_200m_to_satellite,4000,200,gaussian_noise,Gaussian noise,4,standard_deviation,0.12,"fraction of the [0,1] RGB intensity range",r_at_1,0.3315,0.191,0.1405,14.05,0.4238310708898944,42.38310708898944,57.61689291101056,7478740b013990c83c5c21f619bc89b2664ee70ff90fda18ab3b7ac420c870e9,f5f1752ceb01cb8f9e28cf70712d8bd4f4045cbf1d44f53b4c07a7babf8f9f21,4f33b8aa96fb7d046f570bc65cce36bdb3c47b1875395b11b1565f2dd71c167a,29c0502b07f09d45c6fd7d4a5b582fdd9a443acc9e8b818cd9941c18a0ee34f9
sues200,full,1,sues200_uav_200m_to_satellite,4000,200,gaussian_noise,Gaussian noise,5,standard_deviation,0.18,"fraction of the [0,1] RGB intensity range",r_at_1,0.3315,0.1005,0.231,23.1,0.6968325791855203,69.68325791855203,30.316742081447963,7478740b013990c83c5c21f619bc89b2664ee70ff90fda18ab3b7ac420c870e9,f5f1752ceb01cb8f9e28cf70712d8bd4f4045cbf1d44f53b4c07a7babf8f9f21,4f33b8aa96fb7d046f570bc65cce36bdb3c47b1875395b11b1565f2dd71c167a,29c0502b07f09d45c6fd7d4a5b582fdd9a443acc9e8b818cd9941c18a0ee34f9
sues200,full,1,sues200_uav_200m_to_satellite,4000,200,gaussian_blur,Gaussian blur,1,radius,0.5,pixels in the decoded source image,r_at_1,0.3315,0.33575,-0.004249999999999976,-0.4249999999999976,-0.012820512820512747,-1.2820512820512748,101.28205128205128,7478740b013990c83c5c21f619bc89b2664ee70ff90fda18ab3b7ac420c870e9,f5f1752ceb01cb8f9e28cf70712d8bd4f4045cbf1d44f53b4c07a7babf8f9f21,4f33b8aa96fb7d046f570bc65cce36bdb3c47b1875395b11b1565f2dd71c167a,29c0502b07f09d45c6fd7d4a5b582fdd9a443acc9e8b818cd9941c18a0ee34f9
sues200,full,1,sues200_uav_200m_to_satellite,4000,200,gaussian_blur,Gaussian blur,2,radius,1.0,pixels in the decoded source image,r_at_1,0.3315,0.339,-0.007500000000000007,-0.7500000000000007,-0.02262443438914029,-2.2624434389140293,102.26244343891403,7478740b013990c83c5c21f619bc89b2664ee70ff90fda18ab3b7ac420c870e9,f5f1752ceb01cb8f9e28cf70712d8bd4f4045cbf1d44f53b4c07a7babf8f9f21,4f33b8aa96fb7d046f570bc65cce36bdb3c47b1875395b11b1565f2dd71c167a,29c0502b07f09d45c6fd7d4a5b582fdd9a443acc9e8b818cd9941c18a0ee34f9
sues200,full,1,sues200_uav_200m_to_satellite,4000,200,gaussian_blur,Gaussian blur,3,radius,2.0,pixels in the decoded source image,r_at_1,0.3315,0.275,0.056499999999999995,5.6499999999999995,0.17043740573152336,17.043740573152334,82.95625942684767,7478740b013990c83c5c21f619bc89b2664ee70ff90fda18ab3b7ac420c870e9,f5f1752ceb01cb8f9e28cf70712d8bd4f4045cbf1d44f53b4c07a7babf8f9f21,4f33b8aa96fb7d046f570bc65cce36bdb3c47b1875395b11b1565f2dd71c167a,29c0502b07f09d45c6fd7d4a5b582fdd9a443acc9e8b818cd9941c18a0ee34f9
sues200,full,1,sues200_uav_200m_to_satellite,4000,200,gaussian_blur,Gaussian blur,4,radius,3.0,pixels in the decoded source image,r_at_1,0.3315,0.20875,0.12275000000000003,12.275000000000002,0.3702865761689292,37.02865761689292,62.971342383107086,7478740b013990c83c5c21f619bc89b2664ee70ff90fda18ab3b7ac420c870e9,f5f1752ceb01cb8f9e28cf70712d8bd4f4045cbf1d44f53b4c07a7babf8f9f21,4f33b8aa96fb7d046f570bc65cce36bdb3c47b1875395b11b1565f2dd71c167a,29c0502b07f09d45c6fd7d4a5b582fdd9a443acc9e8b818cd9941c18a0ee34f9
sues200,full,1,sues200_uav_200m_to_satellite,4000,200,gaussian_blur,Gaussian blur,5,radius,4.0,pixels in the decoded source image,r_at_1,0.3315,0.15025,0.18125000000000002,18.125000000000004,0.5467571644042233,54.67571644042233,45.32428355957767,7478740b013990c83c5c21f619bc89b2664ee70ff90fda18ab3b7ac420c870e9,f5f1752ceb01cb8f9e28cf70712d8bd4f4045cbf1d44f53b4c07a7babf8f9f21,4f33b8aa96fb7d046f570bc65cce36bdb3c47b1875395b11b1565f2dd71c167a,29c0502b07f09d45c6fd7d4a5b582fdd9a443acc9e8b818cd9941c18a0ee34f9
sues200,full,1,sues200_uav_200m_to_satellite,4000,200,brightness,Brightness,1,factor,0.8,multiplicative Pillow brightness factor,r_at_1,0.3315,0.33975,-0.00824999999999998,-0.824999999999998,-0.024886877828054235,-2.4886877828054232,102.48868778280543,7478740b013990c83c5c21f619bc89b2664ee70ff90fda18ab3b7ac420c870e9,f5f1752ceb01cb8f9e28cf70712d8bd4f4045cbf1d44f53b4c07a7babf8f9f21,4f33b8aa96fb7d046f570bc65cce36bdb3c47b1875395b11b1565f2dd71c167a,29c0502b07f09d45c6fd7d4a5b582fdd9a443acc9e8b818cd9941c18a0ee34f9
sues200,full,1,sues200_uav_200m_to_satellite,4000,200,brightness,Brightness,2,factor,0.65,multiplicative Pillow brightness factor,r_at_1,0.3315,0.3465,-0.014999999999999958,-1.4999999999999958,-0.04524886877828041,-4.524886877828041,104.52488687782804,7478740b013990c83c5c21f619bc89b2664ee70ff90fda18ab3b7ac420c870e9,f5f1752ceb01cb8f9e28cf70712d8bd4f4045cbf1d44f53b4c07a7babf8f9f21,4f33b8aa96fb7d046f570bc65cce36bdb3c47b1875395b11b1565f2dd71c167a,29c0502b07f09d45c6fd7d4a5b582fdd9a443acc9e8b818cd9941c18a0ee34f9
sues200,full,1,sues200_uav_200m_to_satellite,4000,200,brightness,Brightness,3,factor,0.5,multiplicative Pillow brightness factor,r_at_1,0.3315,0.3465,-0.014999999999999958,-1.4999999999999958,-0.04524886877828041,-4.524886877828041,104.52488687782804,7478740b013990c83c5c21f619bc89b2664ee70ff90fda18ab3b7ac420c870e9,f5f1752ceb01cb8f9e28cf70712d8bd4f4045cbf1d44f53b4c07a7babf8f9f21,4f33b8aa96fb7d046f570bc65cce36bdb3c47b1875395b11b1565f2dd71c167a,29c0502b07f09d45c6fd7d4a5b582fdd9a443acc9e8b818cd9941c18a0ee34f9
sues200,full,1,sues200_uav_200m_to_satellite,4000,200,brightness,Brightness,4,factor,0.35,multiplicative Pillow brightness factor,r_at_1,0.3315,0.30875,0.022749999999999992,2.2749999999999995,0.06862745098039214,6.8627450980392135,93.13725490196079,7478740b013990c83c5c21f619bc89b2664ee70ff90fda18ab3b7ac420c870e9,f5f1752ceb01cb8f9e28cf70712d8bd4f4045cbf1d44f53b4c07a7babf8f9f21,4f33b8aa96fb7d046f570bc65cce36bdb3c47b1875395b11b1565f2dd71c167a,29c0502b07f09d45c6fd7d4a5b582fdd9a443acc9e8b818cd9941c18a0ee34f9
sues200,full,1,sues200_uav_200m_to_satellite,4000,200,brightness,Brightness,5,factor,0.2,multiplicative Pillow brightness factor,r_at_1,0.3315,0.1495,0.18200000000000002,18.200000000000003,0.5490196078431373,54.90196078431373,45.09803921568627,7478740b013990c83c5c21f619bc89b2664ee70ff90fda18ab3b7ac420c870e9,f5f1752ceb01cb8f9e28cf70712d8bd4f4045cbf1d44f53b4c07a7babf8f9f21,4f33b8aa96fb7d046f570bc65cce36bdb3c47b1875395b11b1565f2dd71c167a,29c0502b07f09d45c6fd7d4a5b582fdd9a443acc9e8b818cd9941c18a0ee34f9
sues200,full,1,sues200_uav_200m_to_satellite,4000,200,contrast,Contrast,1,factor,0.8,multiplicative Pillow contrast factor,r_at_1,0.3315,0.32525,0.006250000000000033,0.6250000000000033,0.01885369532428366,1.885369532428366,98.11463046757163,7478740b013990c83c5c21f619bc89b2664ee70ff90fda18ab3b7ac420c870e9,f5f1752ceb01cb8f9e28cf70712d8bd4f4045cbf1d44f53b4c07a7babf8f9f21,4f33b8aa96fb7d046f570bc65cce36bdb3c47b1875395b11b1565f2dd71c167a,29c0502b07f09d45c6fd7d4a5b582fdd9a443acc9e8b818cd9941c18a0ee34f9
sues200,full,1,sues200_uav_200m_to_satellite,4000,200,contrast,Contrast,2,factor,0.65,multiplicative Pillow contrast factor,r_at_1,0.3315,0.313,0.018500000000000016,1.8500000000000016,0.05580693815987938,5.580693815987938,94.41930618401206,7478740b013990c83c5c21f619bc89b2664ee70ff90fda18ab3b7ac420c870e9,f5f1752ceb01cb8f9e28cf70712d8bd4f4045cbf1d44f53b4c07a7babf8f9f21,4f33b8aa96fb7d046f570bc65cce36bdb3c47b1875395b11b1565f2dd71c167a,29c0502b07f09d45c6fd7d4a5b582fdd9a443acc9e8b818cd9941c18a0ee34f9
sues200,full,1,sues200_uav_200m_to_satellite,4000,200,contrast,Contrast,3,factor,0.5,multiplicative Pillow contrast factor,r_at_1,0.3315,0.2835,0.04800000000000004,4.800000000000004,0.14479638009049786,14.479638009049786,85.52036199095022,7478740b013990c83c5c21f619bc89b2664ee70ff90fda18ab3b7ac420c870e9,f5f1752ceb01cb8f9e28cf70712d8bd4f4045cbf1d44f53b4c07a7babf8f9f21,4f33b8aa96fb7d046f570bc65cce36bdb3c47b1875395b11b1565f2dd71c167a,29c0502b07f09d45c6fd7d4a5b582fdd9a443acc9e8b818cd9941c18a0ee34f9
sues200,full,1,sues200_uav_200m_to_satellite,4000,200,contrast,Contrast,4,factor,0.35,multiplicative Pillow contrast factor,r_at_1,0.3315,0.22825,0.10325000000000001,10.325000000000001,0.3114630467571644,31.14630467571644,68.85369532428355,7478740b013990c83c5c21f619bc89b2664ee70ff90fda18ab3b7ac420c870e9,f5f1752ceb01cb8f9e28cf70712d8bd4f4045cbf1d44f53b4c07a7babf8f9f21,4f33b8aa96fb7d046f570bc65cce36bdb3c47b1875395b11b1565f2dd71c167a,29c0502b07f09d45c6fd7d4a5b582fdd9a443acc9e8b818cd9941c18a0ee34f9
sues200,full,1,sues200_uav_200m_to_satellite,4000,200,contrast,Contrast,5,factor,0.2,multiplicative Pillow contrast factor,r_at_1,0.3315,0.10875,0.22275,22.275,0.671945701357466,67.1945701357466,32.80542986425339,7478740b013990c83c5c21f619bc89b2664ee70ff90fda18ab3b7ac420c870e9,f5f1752ceb01cb8f9e28cf70712d8bd4f4045cbf1d44f53b4c07a7babf8f9f21,4f33b8aa96fb7d046f570bc65cce36bdb3c47b1875395b11b1565f2dd71c167a,29c0502b07f09d45c6fd7d4a5b582fdd9a443acc9e8b818cd9941c18a0ee34f9
sues200,full,1,sues200_uav_200m_to_satellite,4000,200,center_occlusion,Center occlusion,1,area_fraction,0.05,fraction of decoded source-image area,r_at_1,0.3315,0.27025,0.06125000000000003,6.125000000000003,0.18476621417797895,18.476621417797894,81.5233785822021,7478740b013990c83c5c21f619bc89b2664ee70ff90fda18ab3b7ac420c870e9,f5f1752ceb01cb8f9e28cf70712d8bd4f4045cbf1d44f53b4c07a7babf8f9f21,4f33b8aa96fb7d046f570bc65cce36bdb3c47b1875395b11b1565f2dd71c167a,29c0502b07f09d45c6fd7d4a5b582fdd9a443acc9e8b818cd9941c18a0ee34f9
sues200,full,1,sues200_uav_200m_to_satellite,4000,200,center_occlusion,Center occlusion,2,area_fraction,0.1,fraction of decoded source-image area,r_at_1,0.3315,0.2045,0.12700000000000003,12.700000000000003,0.383107088989442,38.3107088989442,61.6892911010558,7478740b013990c83c5c21f619bc89b2664ee70ff90fda18ab3b7ac420c870e9,f5f1752ceb01cb8f9e28cf70712d8bd4f4045cbf1d44f53b4c07a7babf8f9f21,4f33b8aa96fb7d046f570bc65cce36bdb3c47b1875395b11b1565f2dd71c167a,29c0502b07f09d45c6fd7d4a5b582fdd9a443acc9e8b818cd9941c18a0ee34f9
sues200,full,1,sues200_uav_200m_to_satellite,4000,200,center_occlusion,Center occlusion,3,area_fraction,0.2,fraction of decoded source-image area,r_at_1,0.3315,0.1075,0.22400000000000003,22.400000000000002,0.6757164404223228,67.57164404223228,32.42835595776772,7478740b013990c83c5c21f619bc89b2664ee70ff90fda18ab3b7ac420c870e9,f5f1752ceb01cb8f9e28cf70712d8bd4f4045cbf1d44f53b4c07a7babf8f9f21,4f33b8aa96fb7d046f570bc65cce36bdb3c47b1875395b11b1565f2dd71c167a,29c0502b07f09d45c6fd7d4a5b582fdd9a443acc9e8b818cd9941c18a0ee34f9
sues200,full,1,sues200_uav_200m_to_satellite,4000,200,center_occlusion,Center occlusion,4,area_fraction,0.3,fraction of decoded source-image area,r_at_1,0.3315,0.04975,0.28175,28.175,0.8499245852187028,84.99245852187029,15.007541478129713,7478740b013990c83c5c21f619bc89b2664ee70ff90fda18ab3b7ac420c870e9,f5f1752ceb01cb8f9e28cf70712d8bd4f4045cbf1d44f53b4c07a7babf8f9f21,4f33b8aa96fb7d046f570bc65cce36bdb3c47b1875395b11b1565f2dd71c167a,29c0502b07f09d45c6fd7d4a5b582fdd9a443acc9e8b818cd9941c18a0ee34f9
sues200,full,1,sues200_uav_200m_to_satellite,4000,200,center_occlusion,Center occlusion,5,area_fraction,0.4,fraction of decoded source-image area,r_at_1,0.3315,0.01475,0.31675000000000003,31.675000000000004,0.9555052790346908,95.55052790346909,4.449472096530919,7478740b013990c83c5c21f619bc89b2664ee70ff90fda18ab3b7ac420c870e9,f5f1752ceb01cb8f9e28cf70712d8bd4f4045cbf1d44f53b4c07a7babf8f9f21,4f33b8aa96fb7d046f570bc65cce36bdb3c47b1875395b11b1565f2dd71c167a,29c0502b07f09d45c6fd7d4a5b582fdd9a443acc9e8b818cd9941c18a0ee34f9
sues200,full,1,sues200_uav_200m_to_satellite,4000,200,rotation,Rotation,1,magnitude,2.0,degrees,r_at_1,0.3315,0.33375,-0.0022499999999999742,-0.22499999999999742,-0.0067873303167420036,-0.6787330316742004,100.6787330316742,7478740b013990c83c5c21f619bc89b2664ee70ff90fda18ab3b7ac420c870e9,f5f1752ceb01cb8f9e28cf70712d8bd4f4045cbf1d44f53b4c07a7babf8f9f21,4f33b8aa96fb7d046f570bc65cce36bdb3c47b1875395b11b1565f2dd71c167a,29c0502b07f09d45c6fd7d4a5b582fdd9a443acc9e8b818cd9941c18a0ee34f9
sues200,full,1,sues200_uav_200m_to_satellite,4000,200,rotation,Rotation,2,magnitude,5.0,degrees,r_at_1,0.3315,0.33575,-0.004249999999999976,-0.4249999999999976,-0.012820512820512747,-1.2820512820512748,101.28205128205128,7478740b013990c83c5c21f619bc89b2664ee70ff90fda18ab3b7ac420c870e9,f5f1752ceb01cb8f9e28cf70712d8bd4f4045cbf1d44f53b4c07a7babf8f9f21,4f33b8aa96fb7d046f570bc65cce36bdb3c47b1875395b11b1565f2dd71c167a,29c0502b07f09d45c6fd7d4a5b582fdd9a443acc9e8b818cd9941c18a0ee34f9
sues200,full,1,sues200_uav_200m_to_satellite,4000,200,rotation,Rotation,3,magnitude,10.0,degrees,r_at_1,0.3315,0.32525,0.006250000000000033,0.6250000000000033,0.01885369532428366,1.885369532428366,98.11463046757163,7478740b013990c83c5c21f619bc89b2664ee70ff90fda18ab3b7ac420c870e9,f5f1752ceb01cb8f9e28cf70712d8bd4f4045cbf1d44f53b4c07a7babf8f9f21,4f33b8aa96fb7d046f570bc65cce36bdb3c47b1875395b11b1565f2dd71c167a,29c0502b07f09d45c6fd7d4a5b582fdd9a443acc9e8b818cd9941c18a0ee34f9
sues200,full,1,sues200_uav_200m_to_satellite,4000,200,rotation,Rotation,4,magnitude,15.0,degrees,r_at_1,0.3315,0.33375,-0.0022499999999999742,-0.22499999999999742,-0.0067873303167420036,-0.6787330316742004,100.6787330316742,7478740b013990c83c5c21f619bc89b2664ee70ff90fda18ab3b7ac420c870e9,f5f1752ceb01cb8f9e28cf70712d8bd4f4045cbf1d44f53b4c07a7babf8f9f21,4f33b8aa96fb7d046f570bc65cce36bdb3c47b1875395b11b1565f2dd71c167a,29c0502b07f09d45c6fd7d4a5b582fdd9a443acc9e8b818cd9941c18a0ee34f9
sues200,full,1,sues200_uav_200m_to_satellite,4000,200,rotation,Rotation,5,magnitude,20.0,degrees,r_at_1,0.3315,0.332,-0.0005000000000000004,-0.050000000000000044,-0.0015082956259426861,-0.1508295625942686,100.15082956259427,7478740b013990c83c5c21f619bc89b2664ee70ff90fda18ab3b7ac420c870e9,f5f1752ceb01cb8f9e28cf70712d8bd4f4045cbf1d44f53b4c07a7babf8f9f21,4f33b8aa96fb7d046f570bc65cce36bdb3c47b1875395b11b1565f2dd71c167a,29c0502b07f09d45c6fd7d4a5b582fdd9a443acc9e8b818cd9941c18a0ee34f9
