dataset,task,seed,factor,level,quartile,queries,performance_claim_eligible,minimum_queries_for_claim,membership_sha256,cutpoint_25,cutpoint_50,cutpoint_75,visual_r_at_1,visual_r_at_1_x100,full_r_at_1,full_r_at_1_x100,full_minus_visual_r_at_1,visual_official_trapezoid_mAP,visual_official_trapezoid_mAP_x100,full_official_trapezoid_mAP,full_official_trapezoid_mAP_x100,full_minus_visual_official_trapezoid_mAP,visual_MRR,visual_MRR_x100,full_MRR,full_MRR_x100,full_minus_visual_MRR,source_json_sha256
sues200,sues200_uav_250m_to_satellite,1,visual_margin_quartile,q1_low,1,1000,true,100,22f46b3e6969b47cc6f9c43354b42b26fe75d4bd4751f69a2b73c0e0111d088c,0.024513021111488342,0.05792143940925598,0.1070137619972229,0.287,28.7,0.28,28.000000000000004,-0.007,0.40058348509762437,40.05834850976244,0.37515167929395105,37.515167929395105,-0.02543180580367334,0.5141669701952487,51.41669701952487,0.47030335858790207,47.03033585879021,-0.043863611607346684,42090c4ffdafedbfffd8ed2439e1e59756f0876e2c7ae612a87031a574b28cc8
sues200,sues200_uav_250m_to_satellite,1,visual_margin_quartile,q2_mid_low,2,1000,true,100,b9bcb4597e5c098770e81740ef5bbf56a6e681d0dac4a9bc87f1f843b200c6f6,0.024513021111488342,0.05792143940925598,0.1070137619972229,0.41,41,0.282,28.199999999999996,-0.128,0.4979663742822595,49.79663742822595,0.3702291288613342,37.02291288613342,-0.12773724542092532,0.5859327485645189,58.59327485645189,0.45845825772266835,45.845825772266835,-0.12747449084185064,42090c4ffdafedbfffd8ed2439e1e59756f0876e2c7ae612a87031a574b28cc8
sues200,sues200_uav_250m_to_satellite,1,visual_margin_quartile,q3_mid_high,3,1000,true,100,0a02cfe4e713b7fee83218a1f8adf09e474cf68422e613219dcd0b3169ee50bd,0.024513021111488342,0.05792143940925598,0.1070137619972229,0.543,54.300000000000004,0.371,37.1,-0.172,0.6066370719000698,60.663707190006974,0.4540553838331252,45.405538383312525,-0.15258168806694447,0.6702741438001394,67.02741438001394,0.5371107676662504,53.71107676662504,-0.13316337613388896,42090c4ffdafedbfffd8ed2439e1e59756f0876e2c7ae612a87031a574b28cc8
sues200,sues200_uav_250m_to_satellite,1,visual_margin_quartile,q4_high,4,1000,true,100,a9e86e88dc4d3d2c151b3e60b252d0dddcb2f1ede3ed41d023ee1da972ed90b3,0.024513021111488342,0.05792143940925598,0.1070137619972229,0.684,68.4,0.506,50.6,-0.178,0.733223000554368,73.3223000554368,0.5779326249938458,57.79326249938458,-0.15529037556052208,0.7824460011087357,78.24460011087358,0.6498652499876917,64.98652499876917,-0.13258075112104417,42090c4ffdafedbfffd8ed2439e1e59756f0876e2c7ae612a87031a574b28cc8
sues200,sues200_uav_250m_to_satellite,2,visual_margin_quartile,q1_low,1,1000,true,100,6ae5074f481bcf1743fd9938d651e01c41656fa81a64e7d9a508cb47d9780519,0.02484983205795288,0.05794477462768555,0.10800197720527649,0.255,25.5,0.286,28.599999999999998,0.031,0.364997423493769,36.4997423493769,0.37380721609806644,37.38072160980664,0.008809792604297399,0.474994846987538,47.499484698753804,0.46161443219613285,46.16144321961328,-0.0133804147914052,42090c4ffdafedbfffd8ed2439e1e59756f0876e2c7ae612a87031a574b28cc8
sues200,sues200_uav_250m_to_satellite,2,visual_margin_quartile,q2_mid_low,2,1000,true,100,297ea3ad3851f8b6d1c40cdd4f50ab98e55afaa21514e240e97b02f1debc10fd,0.02484983205795288,0.05794477462768555,0.10800197720527649,0.352,35.199999999999996,0.328,32.800000000000004,-0.024,0.4418916612621397,44.18916612621397,0.41218213586788627,41.21821358678863,-0.029709525394253433,0.5317833225242794,53.17833225242794,0.49636427173577247,49.636427173577246,-0.035419050788506865,42090c4ffdafedbfffd8ed2439e1e59756f0876e2c7ae612a87031a574b28cc8
sues200,sues200_uav_250m_to_satellite,2,visual_margin_quartile,q3_mid_high,3,1000,true,100,904c5f72a56673832c48a79ac5245f2a421253b0f17bbe1f26e3ed16f9626890,0.02484983205795288,0.05794477462768555,0.10800197720527649,0.497,49.7,0.394,39.4,-0.103,0.5645582434325479,56.45582434325479,0.47285976898157966,47.28597689815797,-0.09169847445096821,0.6321164868650958,63.211648686509584,0.5517195379631594,55.17195379631594,-0.08039694890193641,42090c4ffdafedbfffd8ed2439e1e59756f0876e2c7ae612a87031a574b28cc8
sues200,sues200_uav_250m_to_satellite,2,visual_margin_quartile,q4_high,4,1000,true,100,054b6fe0d13901fcc15b88bb243b264b0322ce8d4eedf479d12f89bd19c35204,0.02484983205795288,0.05794477462768555,0.10800197720527649,0.714,71.39999999999999,0.535,53.5,-0.179,0.7504961964935064,75.04961964935065,0.5912528155739419,59.125281557394196,-0.15924338091956453,0.7869923929870128,78.69923929870129,0.6475056311478838,64.75056311478838,-0.13948676183912903,42090c4ffdafedbfffd8ed2439e1e59756f0876e2c7ae612a87031a574b28cc8
sues200,sues200_uav_250m_to_satellite,3,visual_margin_quartile,q1_low,1,1000,true,100,516727b87668c01760cc09ae43d4ddb688ddfc97f16944fae5a670735b773d53,0.023106426000595093,0.05761605501174927,0.11001744866371155,0.261,26.1,0.273,27.3,0.012,0.37452614000579343,37.452614000579345,0.3606490393280983,36.06490393280983,-0.013877100677695126,0.48805228001158685,48.80522800115868,0.4482980786561966,44.82980786561966,-0.03975420135539025,42090c4ffdafedbfffd8ed2439e1e59756f0876e2c7ae612a87031a574b28cc8
sues200,sues200_uav_250m_to_satellite,3,visual_margin_quartile,q2_mid_low,2,1000,true,100,78daafcb59ed13313c47dba82a5ab4cd5674911482722cefaaa7c5211d17325a,0.023106426000595093,0.05761605501174927,0.11001744866371155,0.382,38.2,0.295,29.5,-0.087,0.4737630186299793,47.376301862997934,0.3747807879792526,37.478078797925264,-0.0989822306507267,0.5655260372599586,56.552603725995866,0.45456157595850527,45.45615759585053,-0.11096446130145342,42090c4ffdafedbfffd8ed2439e1e59756f0876e2c7ae612a87031a574b28cc8
sues200,sues200_uav_250m_to_satellite,3,visual_margin_quartile,q3_mid_high,3,1000,true,100,2d0c75ed7be0ee848461cec13bd80acfe75924e1f47d944e1126f70f0cdc0ac5,0.023106426000595093,0.05761605501174927,0.11001744866371155,0.523,52.300000000000004,0.354,35.4,-0.169,0.5887583235292696,58.87583235292696,0.42973552965093403,42.973552965093404,-0.1590227938783355,0.6545166470585391,65.4516647058539,0.5054710593018681,50.54710593018681,-0.149045587756671,42090c4ffdafedbfffd8ed2439e1e59756f0876e2c7ae612a87031a574b28cc8
sues200,sues200_uav_250m_to_satellite,3,visual_margin_quartile,q4_high,4,1000,true,100,ecd6097042cd0779a5b0a806c98466d612cc237cc87436e8b76bf81ffdb2bb06,0.023106426000595093,0.05761605501174927,0.11001744866371155,0.727,72.7,0.499,49.9,-0.228,0.7612328000683337,76.12328000683337,0.558170292744413,55.817029274441296,-0.20306250732392073,0.7954656001366675,79.54656001366675,0.6173405854888261,61.73405854888261,-0.17812501464784145,42090c4ffdafedbfffd8ed2439e1e59756f0876e2c7ae612a87031a574b28cc8
