dataset,task,seed,full_query_N,requested_coverage,realized_coverage,selected_queries_per_variant,visual_full_selected_query_overlap,visual_success_rate,full_success_rate,visual_success_percent,full_success_percent,realized_coverage_percent,full_query_membership_sha256,source_json_sha256
sues200,sues200_satellite_to_uav_300m,1,80,0.5,0.5,40,23,0.375,0.325,37.5,32.5,50,a0024554fabfdcd03efe8d46da3c80414baa16d26cf6a40d05e521ce55eeaddc,033b6eaea71b3084ca043902f6ba03b6487bf1762a9180963357103097d172cc
sues200,sues200_satellite_to_uav_300m,1,80,0.75,0.75,60,46,0.5375,0.45,53.75,45,75,a0024554fabfdcd03efe8d46da3c80414baa16d26cf6a40d05e521ce55eeaddc,033b6eaea71b3084ca043902f6ba03b6487bf1762a9180963357103097d172cc
sues200,sues200_satellite_to_uav_300m,1,80,0.9,0.9,72,66,0.6375,0.55,63.74999999999999,55.00000000000001,90,a0024554fabfdcd03efe8d46da3c80414baa16d26cf6a40d05e521ce55eeaddc,033b6eaea71b3084ca043902f6ba03b6487bf1762a9180963357103097d172cc
sues200,sues200_satellite_to_uav_300m,1,80,1,1,80,80,0.7,0.6,70,60,100,a0024554fabfdcd03efe8d46da3c80414baa16d26cf6a40d05e521ce55eeaddc,033b6eaea71b3084ca043902f6ba03b6487bf1762a9180963357103097d172cc
sues200,sues200_satellite_to_uav_300m,2,80,0.5,0.5,40,24,0.3625,0.3,36.25,30,50,a0024554fabfdcd03efe8d46da3c80414baa16d26cf6a40d05e521ce55eeaddc,033b6eaea71b3084ca043902f6ba03b6487bf1762a9180963357103097d172cc
sues200,sues200_satellite_to_uav_300m,2,80,0.75,0.75,60,44,0.55,0.4375,55.00000000000001,43.75,75,a0024554fabfdcd03efe8d46da3c80414baa16d26cf6a40d05e521ce55eeaddc,033b6eaea71b3084ca043902f6ba03b6487bf1762a9180963357103097d172cc
sues200,sues200_satellite_to_uav_300m,2,80,0.9,0.9,72,65,0.675,0.5375,67.5,53.75,90,a0024554fabfdcd03efe8d46da3c80414baa16d26cf6a40d05e521ce55eeaddc,033b6eaea71b3084ca043902f6ba03b6487bf1762a9180963357103097d172cc
sues200,sues200_satellite_to_uav_300m,2,80,1,1,80,80,0.7375,0.575,73.75,57.49999999999999,100,a0024554fabfdcd03efe8d46da3c80414baa16d26cf6a40d05e521ce55eeaddc,033b6eaea71b3084ca043902f6ba03b6487bf1762a9180963357103097d172cc
sues200,sues200_satellite_to_uav_300m,3,80,0.5,0.5,40,23,0.3875,0.3,38.75,30,50,a0024554fabfdcd03efe8d46da3c80414baa16d26cf6a40d05e521ce55eeaddc,033b6eaea71b3084ca043902f6ba03b6487bf1762a9180963357103097d172cc
sues200,sues200_satellite_to_uav_300m,3,80,0.75,0.75,60,47,0.575,0.4375,57.49999999999999,43.75,75,a0024554fabfdcd03efe8d46da3c80414baa16d26cf6a40d05e521ce55eeaddc,033b6eaea71b3084ca043902f6ba03b6487bf1762a9180963357103097d172cc
sues200,sues200_satellite_to_uav_300m,3,80,0.9,0.9,72,65,0.7125,0.55,71.25,55.00000000000001,90,a0024554fabfdcd03efe8d46da3c80414baa16d26cf6a40d05e521ce55eeaddc,033b6eaea71b3084ca043902f6ba03b6487bf1762a9180963357103097d172cc
sues200,sues200_satellite_to_uav_300m,3,80,1,1,80,80,0.775,0.575,77.5,57.49999999999999,100,a0024554fabfdcd03efe8d46da3c80414baa16d26cf6a40d05e521ce55eeaddc,033b6eaea71b3084ca043902f6ba03b6487bf1762a9180963357103097d172cc
