dataset,variant,seed,task,queries,gallery,corruption,corruption_display,severity_index,parameter,value,units,metric,clean_fraction,corrupted_fraction,absolute_drop_fraction,percentage_point_drop,relative_drop_fraction,relative_drop_percent,retained_percent_of_clean,checkpoint_sha256,robustness_run_config_sha256,evaluator_sha256,frozen_protocol_sha256
sues200,visual,1,sues200_satellite_to_uav_300m,80,10000,gaussian_noise,Gaussian noise,1,standard_deviation,0.02,"fraction of the [0,1] RGB intensity range",r_at_1,0.7,0.6875,0.012499999999999956,1.2499999999999956,0.017857142857142794,1.7857142857142794,98.21428571428572,b9da9c88f13541f05c17848eab9c43a2f332adbd22ee8880b82149ee8cc03a7a,d19283877ee9967fc36ca82155564cdc5945a44f7633273e119a661bf684f6d9,4f33b8aa96fb7d046f570bc65cce36bdb3c47b1875395b11b1565f2dd71c167a,29c0502b07f09d45c6fd7d4a5b582fdd9a443acc9e8b818cd9941c18a0ee34f9
sues200,visual,1,sues200_satellite_to_uav_300m,80,10000,gaussian_noise,Gaussian noise,2,standard_deviation,0.04,"fraction of the [0,1] RGB intensity range",r_at_1,0.7,0.55,0.1499999999999999,14.999999999999991,0.21428571428571416,21.428571428571416,78.57142857142858,b9da9c88f13541f05c17848eab9c43a2f332adbd22ee8880b82149ee8cc03a7a,d19283877ee9967fc36ca82155564cdc5945a44f7633273e119a661bf684f6d9,4f33b8aa96fb7d046f570bc65cce36bdb3c47b1875395b11b1565f2dd71c167a,29c0502b07f09d45c6fd7d4a5b582fdd9a443acc9e8b818cd9941c18a0ee34f9
sues200,visual,1,sues200_satellite_to_uav_300m,80,10000,gaussian_noise,Gaussian noise,3,standard_deviation,0.08,"fraction of the [0,1] RGB intensity range",r_at_1,0.7,0.3,0.39999999999999997,40.0,0.5714285714285714,57.14285714285714,42.85714285714286,b9da9c88f13541f05c17848eab9c43a2f332adbd22ee8880b82149ee8cc03a7a,d19283877ee9967fc36ca82155564cdc5945a44f7633273e119a661bf684f6d9,4f33b8aa96fb7d046f570bc65cce36bdb3c47b1875395b11b1565f2dd71c167a,29c0502b07f09d45c6fd7d4a5b582fdd9a443acc9e8b818cd9941c18a0ee34f9
sues200,visual,1,sues200_satellite_to_uav_300m,80,10000,gaussian_noise,Gaussian noise,4,standard_deviation,0.12,"fraction of the [0,1] RGB intensity range",r_at_1,0.7,0.075,0.625,62.5,0.8928571428571429,89.28571428571429,10.714285714285715,b9da9c88f13541f05c17848eab9c43a2f332adbd22ee8880b82149ee8cc03a7a,d19283877ee9967fc36ca82155564cdc5945a44f7633273e119a661bf684f6d9,4f33b8aa96fb7d046f570bc65cce36bdb3c47b1875395b11b1565f2dd71c167a,29c0502b07f09d45c6fd7d4a5b582fdd9a443acc9e8b818cd9941c18a0ee34f9
sues200,visual,1,sues200_satellite_to_uav_300m,80,10000,gaussian_noise,Gaussian noise,5,standard_deviation,0.18,"fraction of the [0,1] RGB intensity range",r_at_1,0.7,0.0125,0.6875,68.75,0.9821428571428572,98.21428571428572,1.7857142857142858,b9da9c88f13541f05c17848eab9c43a2f332adbd22ee8880b82149ee8cc03a7a,d19283877ee9967fc36ca82155564cdc5945a44f7633273e119a661bf684f6d9,4f33b8aa96fb7d046f570bc65cce36bdb3c47b1875395b11b1565f2dd71c167a,29c0502b07f09d45c6fd7d4a5b582fdd9a443acc9e8b818cd9941c18a0ee34f9
sues200,visual,1,sues200_satellite_to_uav_300m,80,10000,gaussian_blur,Gaussian blur,1,radius,0.5,pixels in the decoded source image,r_at_1,0.7,0.7,0.0,0.0,0.0,0.0,100.0,b9da9c88f13541f05c17848eab9c43a2f332adbd22ee8880b82149ee8cc03a7a,d19283877ee9967fc36ca82155564cdc5945a44f7633273e119a661bf684f6d9,4f33b8aa96fb7d046f570bc65cce36bdb3c47b1875395b11b1565f2dd71c167a,29c0502b07f09d45c6fd7d4a5b582fdd9a443acc9e8b818cd9941c18a0ee34f9
sues200,visual,1,sues200_satellite_to_uav_300m,80,10000,gaussian_blur,Gaussian blur,2,radius,1.0,pixels in the decoded source image,r_at_1,0.7,0.6375,0.0625,6.25,0.08928571428571429,8.928571428571429,91.07142857142857,b9da9c88f13541f05c17848eab9c43a2f332adbd22ee8880b82149ee8cc03a7a,d19283877ee9967fc36ca82155564cdc5945a44f7633273e119a661bf684f6d9,4f33b8aa96fb7d046f570bc65cce36bdb3c47b1875395b11b1565f2dd71c167a,29c0502b07f09d45c6fd7d4a5b582fdd9a443acc9e8b818cd9941c18a0ee34f9
sues200,visual,1,sues200_satellite_to_uav_300m,80,10000,gaussian_blur,Gaussian blur,3,radius,2.0,pixels in the decoded source image,r_at_1,0.7,0.3875,0.31249999999999994,31.249999999999993,0.4464285714285714,44.64285714285714,55.35714285714286,b9da9c88f13541f05c17848eab9c43a2f332adbd22ee8880b82149ee8cc03a7a,d19283877ee9967fc36ca82155564cdc5945a44f7633273e119a661bf684f6d9,4f33b8aa96fb7d046f570bc65cce36bdb3c47b1875395b11b1565f2dd71c167a,29c0502b07f09d45c6fd7d4a5b582fdd9a443acc9e8b818cd9941c18a0ee34f9
sues200,visual,1,sues200_satellite_to_uav_300m,80,10000,gaussian_blur,Gaussian blur,4,radius,3.0,pixels in the decoded source image,r_at_1,0.7,0.175,0.5249999999999999,52.49999999999999,0.7499999999999999,74.99999999999999,25.0,b9da9c88f13541f05c17848eab9c43a2f332adbd22ee8880b82149ee8cc03a7a,d19283877ee9967fc36ca82155564cdc5945a44f7633273e119a661bf684f6d9,4f33b8aa96fb7d046f570bc65cce36bdb3c47b1875395b11b1565f2dd71c167a,29c0502b07f09d45c6fd7d4a5b582fdd9a443acc9e8b818cd9941c18a0ee34f9
sues200,visual,1,sues200_satellite_to_uav_300m,80,10000,gaussian_blur,Gaussian blur,5,radius,4.0,pixels in the decoded source image,r_at_1,0.7,0.1,0.6,60.0,0.8571428571428572,85.71428571428572,14.285714285714286,b9da9c88f13541f05c17848eab9c43a2f332adbd22ee8880b82149ee8cc03a7a,d19283877ee9967fc36ca82155564cdc5945a44f7633273e119a661bf684f6d9,4f33b8aa96fb7d046f570bc65cce36bdb3c47b1875395b11b1565f2dd71c167a,29c0502b07f09d45c6fd7d4a5b582fdd9a443acc9e8b818cd9941c18a0ee34f9
sues200,visual,1,sues200_satellite_to_uav_300m,80,10000,brightness,Brightness,1,factor,0.8,multiplicative Pillow brightness factor,r_at_1,0.7,0.7,0.0,0.0,0.0,0.0,100.0,b9da9c88f13541f05c17848eab9c43a2f332adbd22ee8880b82149ee8cc03a7a,d19283877ee9967fc36ca82155564cdc5945a44f7633273e119a661bf684f6d9,4f33b8aa96fb7d046f570bc65cce36bdb3c47b1875395b11b1565f2dd71c167a,29c0502b07f09d45c6fd7d4a5b582fdd9a443acc9e8b818cd9941c18a0ee34f9
sues200,visual,1,sues200_satellite_to_uav_300m,80,10000,brightness,Brightness,2,factor,0.65,multiplicative Pillow brightness factor,r_at_1,0.7,0.675,0.02499999999999991,2.499999999999991,0.03571428571428559,3.5714285714285587,96.42857142857143,b9da9c88f13541f05c17848eab9c43a2f332adbd22ee8880b82149ee8cc03a7a,d19283877ee9967fc36ca82155564cdc5945a44f7633273e119a661bf684f6d9,4f33b8aa96fb7d046f570bc65cce36bdb3c47b1875395b11b1565f2dd71c167a,29c0502b07f09d45c6fd7d4a5b582fdd9a443acc9e8b818cd9941c18a0ee34f9
sues200,visual,1,sues200_satellite_to_uav_300m,80,10000,brightness,Brightness,3,factor,0.5,multiplicative Pillow brightness factor,r_at_1,0.7,0.475,0.22499999999999998,22.499999999999996,0.3214285714285714,32.14285714285714,67.85714285714286,b9da9c88f13541f05c17848eab9c43a2f332adbd22ee8880b82149ee8cc03a7a,d19283877ee9967fc36ca82155564cdc5945a44f7633273e119a661bf684f6d9,4f33b8aa96fb7d046f570bc65cce36bdb3c47b1875395b11b1565f2dd71c167a,29c0502b07f09d45c6fd7d4a5b582fdd9a443acc9e8b818cd9941c18a0ee34f9
sues200,visual,1,sues200_satellite_to_uav_300m,80,10000,brightness,Brightness,4,factor,0.35,multiplicative Pillow brightness factor,r_at_1,0.7,0.325,0.37499999999999994,37.49999999999999,0.5357142857142857,53.57142857142857,46.42857142857143,b9da9c88f13541f05c17848eab9c43a2f332adbd22ee8880b82149ee8cc03a7a,d19283877ee9967fc36ca82155564cdc5945a44f7633273e119a661bf684f6d9,4f33b8aa96fb7d046f570bc65cce36bdb3c47b1875395b11b1565f2dd71c167a,29c0502b07f09d45c6fd7d4a5b582fdd9a443acc9e8b818cd9941c18a0ee34f9
sues200,visual,1,sues200_satellite_to_uav_300m,80,10000,brightness,Brightness,5,factor,0.2,multiplicative Pillow brightness factor,r_at_1,0.7,0.125,0.575,57.49999999999999,0.8214285714285714,82.14285714285714,17.857142857142858,b9da9c88f13541f05c17848eab9c43a2f332adbd22ee8880b82149ee8cc03a7a,d19283877ee9967fc36ca82155564cdc5945a44f7633273e119a661bf684f6d9,4f33b8aa96fb7d046f570bc65cce36bdb3c47b1875395b11b1565f2dd71c167a,29c0502b07f09d45c6fd7d4a5b582fdd9a443acc9e8b818cd9941c18a0ee34f9
sues200,visual,1,sues200_satellite_to_uav_300m,80,10000,contrast,Contrast,1,factor,0.8,multiplicative Pillow contrast factor,r_at_1,0.7,0.7625,-0.0625,-6.25,-0.08928571428571429,-8.928571428571429,108.92857142857143,b9da9c88f13541f05c17848eab9c43a2f332adbd22ee8880b82149ee8cc03a7a,d19283877ee9967fc36ca82155564cdc5945a44f7633273e119a661bf684f6d9,4f33b8aa96fb7d046f570bc65cce36bdb3c47b1875395b11b1565f2dd71c167a,29c0502b07f09d45c6fd7d4a5b582fdd9a443acc9e8b818cd9941c18a0ee34f9
sues200,visual,1,sues200_satellite_to_uav_300m,80,10000,contrast,Contrast,2,factor,0.65,multiplicative Pillow contrast factor,r_at_1,0.7,0.7625,-0.0625,-6.25,-0.08928571428571429,-8.928571428571429,108.92857142857143,b9da9c88f13541f05c17848eab9c43a2f332adbd22ee8880b82149ee8cc03a7a,d19283877ee9967fc36ca82155564cdc5945a44f7633273e119a661bf684f6d9,4f33b8aa96fb7d046f570bc65cce36bdb3c47b1875395b11b1565f2dd71c167a,29c0502b07f09d45c6fd7d4a5b582fdd9a443acc9e8b818cd9941c18a0ee34f9
sues200,visual,1,sues200_satellite_to_uav_300m,80,10000,contrast,Contrast,3,factor,0.5,multiplicative Pillow contrast factor,r_at_1,0.7,0.7,0.0,0.0,0.0,0.0,100.0,b9da9c88f13541f05c17848eab9c43a2f332adbd22ee8880b82149ee8cc03a7a,d19283877ee9967fc36ca82155564cdc5945a44f7633273e119a661bf684f6d9,4f33b8aa96fb7d046f570bc65cce36bdb3c47b1875395b11b1565f2dd71c167a,29c0502b07f09d45c6fd7d4a5b582fdd9a443acc9e8b818cd9941c18a0ee34f9
sues200,visual,1,sues200_satellite_to_uav_300m,80,10000,contrast,Contrast,4,factor,0.35,multiplicative Pillow contrast factor,r_at_1,0.7,0.6375,0.0625,6.25,0.08928571428571429,8.928571428571429,91.07142857142857,b9da9c88f13541f05c17848eab9c43a2f332adbd22ee8880b82149ee8cc03a7a,d19283877ee9967fc36ca82155564cdc5945a44f7633273e119a661bf684f6d9,4f33b8aa96fb7d046f570bc65cce36bdb3c47b1875395b11b1565f2dd71c167a,29c0502b07f09d45c6fd7d4a5b582fdd9a443acc9e8b818cd9941c18a0ee34f9
sues200,visual,1,sues200_satellite_to_uav_300m,80,10000,contrast,Contrast,5,factor,0.2,multiplicative Pillow contrast factor,r_at_1,0.7,0.3125,0.38749999999999996,38.74999999999999,0.5535714285714285,55.35714285714285,44.642857142857146,b9da9c88f13541f05c17848eab9c43a2f332adbd22ee8880b82149ee8cc03a7a,d19283877ee9967fc36ca82155564cdc5945a44f7633273e119a661bf684f6d9,4f33b8aa96fb7d046f570bc65cce36bdb3c47b1875395b11b1565f2dd71c167a,29c0502b07f09d45c6fd7d4a5b582fdd9a443acc9e8b818cd9941c18a0ee34f9
sues200,visual,1,sues200_satellite_to_uav_300m,80,10000,center_occlusion,Center occlusion,1,area_fraction,0.05,fraction of decoded source-image area,r_at_1,0.7,0.55,0.1499999999999999,14.999999999999991,0.21428571428571416,21.428571428571416,78.57142857142858,b9da9c88f13541f05c17848eab9c43a2f332adbd22ee8880b82149ee8cc03a7a,d19283877ee9967fc36ca82155564cdc5945a44f7633273e119a661bf684f6d9,4f33b8aa96fb7d046f570bc65cce36bdb3c47b1875395b11b1565f2dd71c167a,29c0502b07f09d45c6fd7d4a5b582fdd9a443acc9e8b818cd9941c18a0ee34f9
sues200,visual,1,sues200_satellite_to_uav_300m,80,10000,center_occlusion,Center occlusion,2,area_fraction,0.1,fraction of decoded source-image area,r_at_1,0.7,0.4125,0.2875,28.749999999999996,0.4107142857142857,41.07142857142857,58.92857142857143,b9da9c88f13541f05c17848eab9c43a2f332adbd22ee8880b82149ee8cc03a7a,d19283877ee9967fc36ca82155564cdc5945a44f7633273e119a661bf684f6d9,4f33b8aa96fb7d046f570bc65cce36bdb3c47b1875395b11b1565f2dd71c167a,29c0502b07f09d45c6fd7d4a5b582fdd9a443acc9e8b818cd9941c18a0ee34f9
sues200,visual,1,sues200_satellite_to_uav_300m,80,10000,center_occlusion,Center occlusion,3,area_fraction,0.2,fraction of decoded source-image area,r_at_1,0.7,0.175,0.5249999999999999,52.49999999999999,0.7499999999999999,74.99999999999999,25.0,b9da9c88f13541f05c17848eab9c43a2f332adbd22ee8880b82149ee8cc03a7a,d19283877ee9967fc36ca82155564cdc5945a44f7633273e119a661bf684f6d9,4f33b8aa96fb7d046f570bc65cce36bdb3c47b1875395b11b1565f2dd71c167a,29c0502b07f09d45c6fd7d4a5b582fdd9a443acc9e8b818cd9941c18a0ee34f9
sues200,visual,1,sues200_satellite_to_uav_300m,80,10000,center_occlusion,Center occlusion,4,area_fraction,0.3,fraction of decoded source-image area,r_at_1,0.7,0.075,0.625,62.5,0.8928571428571429,89.28571428571429,10.714285714285715,b9da9c88f13541f05c17848eab9c43a2f332adbd22ee8880b82149ee8cc03a7a,d19283877ee9967fc36ca82155564cdc5945a44f7633273e119a661bf684f6d9,4f33b8aa96fb7d046f570bc65cce36bdb3c47b1875395b11b1565f2dd71c167a,29c0502b07f09d45c6fd7d4a5b582fdd9a443acc9e8b818cd9941c18a0ee34f9
sues200,visual,1,sues200_satellite_to_uav_300m,80,10000,center_occlusion,Center occlusion,5,area_fraction,0.4,fraction of decoded source-image area,r_at_1,0.7,0.0375,0.6625,66.25,0.9464285714285715,94.64285714285715,5.357142857142858,b9da9c88f13541f05c17848eab9c43a2f332adbd22ee8880b82149ee8cc03a7a,d19283877ee9967fc36ca82155564cdc5945a44f7633273e119a661bf684f6d9,4f33b8aa96fb7d046f570bc65cce36bdb3c47b1875395b11b1565f2dd71c167a,29c0502b07f09d45c6fd7d4a5b582fdd9a443acc9e8b818cd9941c18a0ee34f9
sues200,visual,1,sues200_satellite_to_uav_300m,80,10000,rotation,Rotation,1,magnitude,2.0,degrees,r_at_1,0.7,0.7375,-0.03750000000000009,-3.750000000000009,-0.0535714285714287,-5.35714285714287,105.35714285714286,b9da9c88f13541f05c17848eab9c43a2f332adbd22ee8880b82149ee8cc03a7a,d19283877ee9967fc36ca82155564cdc5945a44f7633273e119a661bf684f6d9,4f33b8aa96fb7d046f570bc65cce36bdb3c47b1875395b11b1565f2dd71c167a,29c0502b07f09d45c6fd7d4a5b582fdd9a443acc9e8b818cd9941c18a0ee34f9
sues200,visual,1,sues200_satellite_to_uav_300m,80,10000,rotation,Rotation,2,magnitude,5.0,degrees,r_at_1,0.7,0.7,0.0,0.0,0.0,0.0,100.0,b9da9c88f13541f05c17848eab9c43a2f332adbd22ee8880b82149ee8cc03a7a,d19283877ee9967fc36ca82155564cdc5945a44f7633273e119a661bf684f6d9,4f33b8aa96fb7d046f570bc65cce36bdb3c47b1875395b11b1565f2dd71c167a,29c0502b07f09d45c6fd7d4a5b582fdd9a443acc9e8b818cd9941c18a0ee34f9
sues200,visual,1,sues200_satellite_to_uav_300m,80,10000,rotation,Rotation,3,magnitude,10.0,degrees,r_at_1,0.7,0.75,-0.050000000000000044,-5.000000000000004,-0.0714285714285715,-7.1428571428571495,107.14285714285715,b9da9c88f13541f05c17848eab9c43a2f332adbd22ee8880b82149ee8cc03a7a,d19283877ee9967fc36ca82155564cdc5945a44f7633273e119a661bf684f6d9,4f33b8aa96fb7d046f570bc65cce36bdb3c47b1875395b11b1565f2dd71c167a,29c0502b07f09d45c6fd7d4a5b582fdd9a443acc9e8b818cd9941c18a0ee34f9
sues200,visual,1,sues200_satellite_to_uav_300m,80,10000,rotation,Rotation,4,magnitude,15.0,degrees,r_at_1,0.7,0.6375,0.0625,6.25,0.08928571428571429,8.928571428571429,91.07142857142857,b9da9c88f13541f05c17848eab9c43a2f332adbd22ee8880b82149ee8cc03a7a,d19283877ee9967fc36ca82155564cdc5945a44f7633273e119a661bf684f6d9,4f33b8aa96fb7d046f570bc65cce36bdb3c47b1875395b11b1565f2dd71c167a,29c0502b07f09d45c6fd7d4a5b582fdd9a443acc9e8b818cd9941c18a0ee34f9
sues200,visual,1,sues200_satellite_to_uav_300m,80,10000,rotation,Rotation,5,magnitude,20.0,degrees,r_at_1,0.7,0.625,0.07499999999999996,7.499999999999996,0.10714285714285708,10.714285714285708,89.28571428571429,b9da9c88f13541f05c17848eab9c43a2f332adbd22ee8880b82149ee8cc03a7a,d19283877ee9967fc36ca82155564cdc5945a44f7633273e119a661bf684f6d9,4f33b8aa96fb7d046f570bc65cce36bdb3c47b1875395b11b1565f2dd71c167a,29c0502b07f09d45c6fd7d4a5b582fdd9a443acc9e8b818cd9941c18a0ee34f9
sues200,full,1,sues200_satellite_to_uav_300m,80,10000,gaussian_noise,Gaussian noise,1,standard_deviation,0.02,"fraction of the [0,1] RGB intensity range",r_at_1,0.6,0.6,0.0,0.0,0.0,0.0,100.0,7478740b013990c83c5c21f619bc89b2664ee70ff90fda18ab3b7ac420c870e9,f5f1752ceb01cb8f9e28cf70712d8bd4f4045cbf1d44f53b4c07a7babf8f9f21,4f33b8aa96fb7d046f570bc65cce36bdb3c47b1875395b11b1565f2dd71c167a,29c0502b07f09d45c6fd7d4a5b582fdd9a443acc9e8b818cd9941c18a0ee34f9
sues200,full,1,sues200_satellite_to_uav_300m,80,10000,gaussian_noise,Gaussian noise,2,standard_deviation,0.04,"fraction of the [0,1] RGB intensity range",r_at_1,0.6,0.45,0.14999999999999997,14.999999999999996,0.24999999999999994,24.999999999999993,75.0,7478740b013990c83c5c21f619bc89b2664ee70ff90fda18ab3b7ac420c870e9,f5f1752ceb01cb8f9e28cf70712d8bd4f4045cbf1d44f53b4c07a7babf8f9f21,4f33b8aa96fb7d046f570bc65cce36bdb3c47b1875395b11b1565f2dd71c167a,29c0502b07f09d45c6fd7d4a5b582fdd9a443acc9e8b818cd9941c18a0ee34f9
sues200,full,1,sues200_satellite_to_uav_300m,80,10000,gaussian_noise,Gaussian noise,3,standard_deviation,0.08,"fraction of the [0,1] RGB intensity range",r_at_1,0.6,0.275,0.32499999999999996,32.49999999999999,0.5416666666666666,54.166666666666664,45.83333333333334,7478740b013990c83c5c21f619bc89b2664ee70ff90fda18ab3b7ac420c870e9,f5f1752ceb01cb8f9e28cf70712d8bd4f4045cbf1d44f53b4c07a7babf8f9f21,4f33b8aa96fb7d046f570bc65cce36bdb3c47b1875395b11b1565f2dd71c167a,29c0502b07f09d45c6fd7d4a5b582fdd9a443acc9e8b818cd9941c18a0ee34f9
sues200,full,1,sues200_satellite_to_uav_300m,80,10000,gaussian_noise,Gaussian noise,4,standard_deviation,0.12,"fraction of the [0,1] RGB intensity range",r_at_1,0.6,0.1875,0.4125,41.25,0.6875,68.75,31.25,7478740b013990c83c5c21f619bc89b2664ee70ff90fda18ab3b7ac420c870e9,f5f1752ceb01cb8f9e28cf70712d8bd4f4045cbf1d44f53b4c07a7babf8f9f21,4f33b8aa96fb7d046f570bc65cce36bdb3c47b1875395b11b1565f2dd71c167a,29c0502b07f09d45c6fd7d4a5b582fdd9a443acc9e8b818cd9941c18a0ee34f9
sues200,full,1,sues200_satellite_to_uav_300m,80,10000,gaussian_noise,Gaussian noise,5,standard_deviation,0.18,"fraction of the [0,1] RGB intensity range",r_at_1,0.6,0.1375,0.46249999999999997,46.25,0.7708333333333333,77.08333333333333,22.91666666666667,7478740b013990c83c5c21f619bc89b2664ee70ff90fda18ab3b7ac420c870e9,f5f1752ceb01cb8f9e28cf70712d8bd4f4045cbf1d44f53b4c07a7babf8f9f21,4f33b8aa96fb7d046f570bc65cce36bdb3c47b1875395b11b1565f2dd71c167a,29c0502b07f09d45c6fd7d4a5b582fdd9a443acc9e8b818cd9941c18a0ee34f9
sues200,full,1,sues200_satellite_to_uav_300m,80,10000,gaussian_blur,Gaussian blur,1,radius,0.5,pixels in the decoded source image,r_at_1,0.6,0.5875,0.012499999999999956,1.2499999999999956,0.02083333333333326,2.083333333333326,97.91666666666667,7478740b013990c83c5c21f619bc89b2664ee70ff90fda18ab3b7ac420c870e9,f5f1752ceb01cb8f9e28cf70712d8bd4f4045cbf1d44f53b4c07a7babf8f9f21,4f33b8aa96fb7d046f570bc65cce36bdb3c47b1875395b11b1565f2dd71c167a,29c0502b07f09d45c6fd7d4a5b582fdd9a443acc9e8b818cd9941c18a0ee34f9
sues200,full,1,sues200_satellite_to_uav_300m,80,10000,gaussian_blur,Gaussian blur,2,radius,1.0,pixels in the decoded source image,r_at_1,0.6,0.55,0.04999999999999993,4.999999999999993,0.08333333333333323,8.333333333333323,91.66666666666669,7478740b013990c83c5c21f619bc89b2664ee70ff90fda18ab3b7ac420c870e9,f5f1752ceb01cb8f9e28cf70712d8bd4f4045cbf1d44f53b4c07a7babf8f9f21,4f33b8aa96fb7d046f570bc65cce36bdb3c47b1875395b11b1565f2dd71c167a,29c0502b07f09d45c6fd7d4a5b582fdd9a443acc9e8b818cd9941c18a0ee34f9
sues200,full,1,sues200_satellite_to_uav_300m,80,10000,gaussian_blur,Gaussian blur,3,radius,2.0,pixels in the decoded source image,r_at_1,0.6,0.3625,0.2375,23.75,0.3958333333333333,39.58333333333333,60.41666666666667,7478740b013990c83c5c21f619bc89b2664ee70ff90fda18ab3b7ac420c870e9,f5f1752ceb01cb8f9e28cf70712d8bd4f4045cbf1d44f53b4c07a7babf8f9f21,4f33b8aa96fb7d046f570bc65cce36bdb3c47b1875395b11b1565f2dd71c167a,29c0502b07f09d45c6fd7d4a5b582fdd9a443acc9e8b818cd9941c18a0ee34f9
sues200,full,1,sues200_satellite_to_uav_300m,80,10000,gaussian_blur,Gaussian blur,4,radius,3.0,pixels in the decoded source image,r_at_1,0.6,0.225,0.375,37.5,0.625,62.5,37.5,7478740b013990c83c5c21f619bc89b2664ee70ff90fda18ab3b7ac420c870e9,f5f1752ceb01cb8f9e28cf70712d8bd4f4045cbf1d44f53b4c07a7babf8f9f21,4f33b8aa96fb7d046f570bc65cce36bdb3c47b1875395b11b1565f2dd71c167a,29c0502b07f09d45c6fd7d4a5b582fdd9a443acc9e8b818cd9941c18a0ee34f9
sues200,full,1,sues200_satellite_to_uav_300m,80,10000,gaussian_blur,Gaussian blur,5,radius,4.0,pixels in the decoded source image,r_at_1,0.6,0.1875,0.4125,41.25,0.6875,68.75,31.25,7478740b013990c83c5c21f619bc89b2664ee70ff90fda18ab3b7ac420c870e9,f5f1752ceb01cb8f9e28cf70712d8bd4f4045cbf1d44f53b4c07a7babf8f9f21,4f33b8aa96fb7d046f570bc65cce36bdb3c47b1875395b11b1565f2dd71c167a,29c0502b07f09d45c6fd7d4a5b582fdd9a443acc9e8b818cd9941c18a0ee34f9
sues200,full,1,sues200_satellite_to_uav_300m,80,10000,brightness,Brightness,1,factor,0.8,multiplicative Pillow brightness factor,r_at_1,0.6,0.575,0.025000000000000022,2.500000000000002,0.041666666666666706,4.1666666666666705,95.83333333333333,7478740b013990c83c5c21f619bc89b2664ee70ff90fda18ab3b7ac420c870e9,f5f1752ceb01cb8f9e28cf70712d8bd4f4045cbf1d44f53b4c07a7babf8f9f21,4f33b8aa96fb7d046f570bc65cce36bdb3c47b1875395b11b1565f2dd71c167a,29c0502b07f09d45c6fd7d4a5b582fdd9a443acc9e8b818cd9941c18a0ee34f9
sues200,full,1,sues200_satellite_to_uav_300m,80,10000,brightness,Brightness,2,factor,0.65,multiplicative Pillow brightness factor,r_at_1,0.6,0.4875,0.11249999999999999,11.249999999999998,0.1875,18.75,81.25,7478740b013990c83c5c21f619bc89b2664ee70ff90fda18ab3b7ac420c870e9,f5f1752ceb01cb8f9e28cf70712d8bd4f4045cbf1d44f53b4c07a7babf8f9f21,4f33b8aa96fb7d046f570bc65cce36bdb3c47b1875395b11b1565f2dd71c167a,29c0502b07f09d45c6fd7d4a5b582fdd9a443acc9e8b818cd9941c18a0ee34f9
sues200,full,1,sues200_satellite_to_uav_300m,80,10000,brightness,Brightness,3,factor,0.5,multiplicative Pillow brightness factor,r_at_1,0.6,0.4,0.19999999999999996,19.999999999999996,0.33333333333333326,33.33333333333333,66.66666666666667,7478740b013990c83c5c21f619bc89b2664ee70ff90fda18ab3b7ac420c870e9,f5f1752ceb01cb8f9e28cf70712d8bd4f4045cbf1d44f53b4c07a7babf8f9f21,4f33b8aa96fb7d046f570bc65cce36bdb3c47b1875395b11b1565f2dd71c167a,29c0502b07f09d45c6fd7d4a5b582fdd9a443acc9e8b818cd9941c18a0ee34f9
sues200,full,1,sues200_satellite_to_uav_300m,80,10000,brightness,Brightness,4,factor,0.35,multiplicative Pillow brightness factor,r_at_1,0.6,0.375,0.22499999999999998,22.499999999999996,0.375,37.5,62.5,7478740b013990c83c5c21f619bc89b2664ee70ff90fda18ab3b7ac420c870e9,f5f1752ceb01cb8f9e28cf70712d8bd4f4045cbf1d44f53b4c07a7babf8f9f21,4f33b8aa96fb7d046f570bc65cce36bdb3c47b1875395b11b1565f2dd71c167a,29c0502b07f09d45c6fd7d4a5b582fdd9a443acc9e8b818cd9941c18a0ee34f9
sues200,full,1,sues200_satellite_to_uav_300m,80,10000,brightness,Brightness,5,factor,0.2,multiplicative Pillow brightness factor,r_at_1,0.6,0.2,0.39999999999999997,40.0,0.6666666666666666,66.66666666666666,33.333333333333336,7478740b013990c83c5c21f619bc89b2664ee70ff90fda18ab3b7ac420c870e9,f5f1752ceb01cb8f9e28cf70712d8bd4f4045cbf1d44f53b4c07a7babf8f9f21,4f33b8aa96fb7d046f570bc65cce36bdb3c47b1875395b11b1565f2dd71c167a,29c0502b07f09d45c6fd7d4a5b582fdd9a443acc9e8b818cd9941c18a0ee34f9
sues200,full,1,sues200_satellite_to_uav_300m,80,10000,contrast,Contrast,1,factor,0.8,multiplicative Pillow contrast factor,r_at_1,0.6,0.675,-0.07500000000000007,-7.500000000000007,-0.1250000000000001,-12.50000000000001,112.5,7478740b013990c83c5c21f619bc89b2664ee70ff90fda18ab3b7ac420c870e9,f5f1752ceb01cb8f9e28cf70712d8bd4f4045cbf1d44f53b4c07a7babf8f9f21,4f33b8aa96fb7d046f570bc65cce36bdb3c47b1875395b11b1565f2dd71c167a,29c0502b07f09d45c6fd7d4a5b582fdd9a443acc9e8b818cd9941c18a0ee34f9
sues200,full,1,sues200_satellite_to_uav_300m,80,10000,contrast,Contrast,2,factor,0.65,multiplicative Pillow contrast factor,r_at_1,0.6,0.575,0.025000000000000022,2.500000000000002,0.041666666666666706,4.1666666666666705,95.83333333333333,7478740b013990c83c5c21f619bc89b2664ee70ff90fda18ab3b7ac420c870e9,f5f1752ceb01cb8f9e28cf70712d8bd4f4045cbf1d44f53b4c07a7babf8f9f21,4f33b8aa96fb7d046f570bc65cce36bdb3c47b1875395b11b1565f2dd71c167a,29c0502b07f09d45c6fd7d4a5b582fdd9a443acc9e8b818cd9941c18a0ee34f9
sues200,full,1,sues200_satellite_to_uav_300m,80,10000,contrast,Contrast,3,factor,0.5,multiplicative Pillow contrast factor,r_at_1,0.6,0.525,0.07499999999999996,7.499999999999996,0.12499999999999993,12.499999999999993,87.5,7478740b013990c83c5c21f619bc89b2664ee70ff90fda18ab3b7ac420c870e9,f5f1752ceb01cb8f9e28cf70712d8bd4f4045cbf1d44f53b4c07a7babf8f9f21,4f33b8aa96fb7d046f570bc65cce36bdb3c47b1875395b11b1565f2dd71c167a,29c0502b07f09d45c6fd7d4a5b582fdd9a443acc9e8b818cd9941c18a0ee34f9
sues200,full,1,sues200_satellite_to_uav_300m,80,10000,contrast,Contrast,4,factor,0.35,multiplicative Pillow contrast factor,r_at_1,0.6,0.4375,0.16249999999999998,16.249999999999996,0.2708333333333333,27.083333333333332,72.91666666666667,7478740b013990c83c5c21f619bc89b2664ee70ff90fda18ab3b7ac420c870e9,f5f1752ceb01cb8f9e28cf70712d8bd4f4045cbf1d44f53b4c07a7babf8f9f21,4f33b8aa96fb7d046f570bc65cce36bdb3c47b1875395b11b1565f2dd71c167a,29c0502b07f09d45c6fd7d4a5b582fdd9a443acc9e8b818cd9941c18a0ee34f9
sues200,full,1,sues200_satellite_to_uav_300m,80,10000,contrast,Contrast,5,factor,0.2,multiplicative Pillow contrast factor,r_at_1,0.6,0.275,0.32499999999999996,32.49999999999999,0.5416666666666666,54.166666666666664,45.83333333333334,7478740b013990c83c5c21f619bc89b2664ee70ff90fda18ab3b7ac420c870e9,f5f1752ceb01cb8f9e28cf70712d8bd4f4045cbf1d44f53b4c07a7babf8f9f21,4f33b8aa96fb7d046f570bc65cce36bdb3c47b1875395b11b1565f2dd71c167a,29c0502b07f09d45c6fd7d4a5b582fdd9a443acc9e8b818cd9941c18a0ee34f9
sues200,full,1,sues200_satellite_to_uav_300m,80,10000,center_occlusion,Center occlusion,1,area_fraction,0.05,fraction of decoded source-image area,r_at_1,0.6,0.5125,0.08750000000000002,8.750000000000002,0.14583333333333337,14.583333333333337,85.41666666666666,7478740b013990c83c5c21f619bc89b2664ee70ff90fda18ab3b7ac420c870e9,f5f1752ceb01cb8f9e28cf70712d8bd4f4045cbf1d44f53b4c07a7babf8f9f21,4f33b8aa96fb7d046f570bc65cce36bdb3c47b1875395b11b1565f2dd71c167a,29c0502b07f09d45c6fd7d4a5b582fdd9a443acc9e8b818cd9941c18a0ee34f9
sues200,full,1,sues200_satellite_to_uav_300m,80,10000,center_occlusion,Center occlusion,2,area_fraction,0.1,fraction of decoded source-image area,r_at_1,0.6,0.375,0.22499999999999998,22.499999999999996,0.375,37.5,62.5,7478740b013990c83c5c21f619bc89b2664ee70ff90fda18ab3b7ac420c870e9,f5f1752ceb01cb8f9e28cf70712d8bd4f4045cbf1d44f53b4c07a7babf8f9f21,4f33b8aa96fb7d046f570bc65cce36bdb3c47b1875395b11b1565f2dd71c167a,29c0502b07f09d45c6fd7d4a5b582fdd9a443acc9e8b818cd9941c18a0ee34f9
sues200,full,1,sues200_satellite_to_uav_300m,80,10000,center_occlusion,Center occlusion,3,area_fraction,0.2,fraction of decoded source-image area,r_at_1,0.6,0.1375,0.46249999999999997,46.25,0.7708333333333333,77.08333333333333,22.91666666666667,7478740b013990c83c5c21f619bc89b2664ee70ff90fda18ab3b7ac420c870e9,f5f1752ceb01cb8f9e28cf70712d8bd4f4045cbf1d44f53b4c07a7babf8f9f21,4f33b8aa96fb7d046f570bc65cce36bdb3c47b1875395b11b1565f2dd71c167a,29c0502b07f09d45c6fd7d4a5b582fdd9a443acc9e8b818cd9941c18a0ee34f9
sues200,full,1,sues200_satellite_to_uav_300m,80,10000,center_occlusion,Center occlusion,4,area_fraction,0.3,fraction of decoded source-image area,r_at_1,0.6,0.0375,0.5625,56.25,0.9375,93.75,6.25,7478740b013990c83c5c21f619bc89b2664ee70ff90fda18ab3b7ac420c870e9,f5f1752ceb01cb8f9e28cf70712d8bd4f4045cbf1d44f53b4c07a7babf8f9f21,4f33b8aa96fb7d046f570bc65cce36bdb3c47b1875395b11b1565f2dd71c167a,29c0502b07f09d45c6fd7d4a5b582fdd9a443acc9e8b818cd9941c18a0ee34f9
sues200,full,1,sues200_satellite_to_uav_300m,80,10000,center_occlusion,Center occlusion,5,area_fraction,0.4,fraction of decoded source-image area,r_at_1,0.6,0.0375,0.5625,56.25,0.9375,93.75,6.25,7478740b013990c83c5c21f619bc89b2664ee70ff90fda18ab3b7ac420c870e9,f5f1752ceb01cb8f9e28cf70712d8bd4f4045cbf1d44f53b4c07a7babf8f9f21,4f33b8aa96fb7d046f570bc65cce36bdb3c47b1875395b11b1565f2dd71c167a,29c0502b07f09d45c6fd7d4a5b582fdd9a443acc9e8b818cd9941c18a0ee34f9
sues200,full,1,sues200_satellite_to_uav_300m,80,10000,rotation,Rotation,1,magnitude,2.0,degrees,r_at_1,0.6,0.625,-0.025000000000000022,-2.500000000000002,-0.041666666666666706,-4.1666666666666705,104.16666666666667,7478740b013990c83c5c21f619bc89b2664ee70ff90fda18ab3b7ac420c870e9,f5f1752ceb01cb8f9e28cf70712d8bd4f4045cbf1d44f53b4c07a7babf8f9f21,4f33b8aa96fb7d046f570bc65cce36bdb3c47b1875395b11b1565f2dd71c167a,29c0502b07f09d45c6fd7d4a5b582fdd9a443acc9e8b818cd9941c18a0ee34f9
sues200,full,1,sues200_satellite_to_uav_300m,80,10000,rotation,Rotation,2,magnitude,5.0,degrees,r_at_1,0.6,0.5875,0.012499999999999956,1.2499999999999956,0.02083333333333326,2.083333333333326,97.91666666666667,7478740b013990c83c5c21f619bc89b2664ee70ff90fda18ab3b7ac420c870e9,f5f1752ceb01cb8f9e28cf70712d8bd4f4045cbf1d44f53b4c07a7babf8f9f21,4f33b8aa96fb7d046f570bc65cce36bdb3c47b1875395b11b1565f2dd71c167a,29c0502b07f09d45c6fd7d4a5b582fdd9a443acc9e8b818cd9941c18a0ee34f9
sues200,full,1,sues200_satellite_to_uav_300m,80,10000,rotation,Rotation,3,magnitude,10.0,degrees,r_at_1,0.6,0.5875,0.012499999999999956,1.2499999999999956,0.02083333333333326,2.083333333333326,97.91666666666667,7478740b013990c83c5c21f619bc89b2664ee70ff90fda18ab3b7ac420c870e9,f5f1752ceb01cb8f9e28cf70712d8bd4f4045cbf1d44f53b4c07a7babf8f9f21,4f33b8aa96fb7d046f570bc65cce36bdb3c47b1875395b11b1565f2dd71c167a,29c0502b07f09d45c6fd7d4a5b582fdd9a443acc9e8b818cd9941c18a0ee34f9
sues200,full,1,sues200_satellite_to_uav_300m,80,10000,rotation,Rotation,4,magnitude,15.0,degrees,r_at_1,0.6,0.525,0.07499999999999996,7.499999999999996,0.12499999999999993,12.499999999999993,87.5,7478740b013990c83c5c21f619bc89b2664ee70ff90fda18ab3b7ac420c870e9,f5f1752ceb01cb8f9e28cf70712d8bd4f4045cbf1d44f53b4c07a7babf8f9f21,4f33b8aa96fb7d046f570bc65cce36bdb3c47b1875395b11b1565f2dd71c167a,29c0502b07f09d45c6fd7d4a5b582fdd9a443acc9e8b818cd9941c18a0ee34f9
sues200,full,1,sues200_satellite_to_uav_300m,80,10000,rotation,Rotation,5,magnitude,20.0,degrees,r_at_1,0.6,0.5125,0.08750000000000002,8.750000000000002,0.14583333333333337,14.583333333333337,85.41666666666666,7478740b013990c83c5c21f619bc89b2664ee70ff90fda18ab3b7ac420c870e9,f5f1752ceb01cb8f9e28cf70712d8bd4f4045cbf1d44f53b4c07a7babf8f9f21,4f33b8aa96fb7d046f570bc65cce36bdb3c47b1875395b11b1565f2dd71c167a,29c0502b07f09d45c6fd7d4a5b582fdd9a443acc9e8b818cd9941c18a0ee34f9
