dataset,task,seed,variant,queries,bin,count,lower_inclusive,upper_inclusive_only_for_last_bin,accuracy,mean_fixed_normalized_margin_confidence,weighted_absolute_gap,ECE,query_membership_sha256,source_json_sha256
sues200,sues200_satellite_to_uav_150m,1,visual,80,1,80,0,0.06666666666666667,0.5375,0.0046874329447746275,0.5328125670552254,0.5328125670552254,a0024554fabfdcd03efe8d46da3c80414baa16d26cf6a40d05e521ce55eeaddc,033b6eaea71b3084ca043902f6ba03b6487bf1762a9180963357103097d172cc
sues200,sues200_satellite_to_uav_150m,1,visual,80,2,0,0.06666666666666667,0.13333333333333333,null,null,0,0.5328125670552254,a0024554fabfdcd03efe8d46da3c80414baa16d26cf6a40d05e521ce55eeaddc,033b6eaea71b3084ca043902f6ba03b6487bf1762a9180963357103097d172cc
sues200,sues200_satellite_to_uav_150m,1,visual,80,3,0,0.13333333333333333,0.2,null,null,0,0.5328125670552254,a0024554fabfdcd03efe8d46da3c80414baa16d26cf6a40d05e521ce55eeaddc,033b6eaea71b3084ca043902f6ba03b6487bf1762a9180963357103097d172cc
sues200,sues200_satellite_to_uav_150m,1,visual,80,4,0,0.2,0.26666666666666666,null,null,0,0.5328125670552254,a0024554fabfdcd03efe8d46da3c80414baa16d26cf6a40d05e521ce55eeaddc,033b6eaea71b3084ca043902f6ba03b6487bf1762a9180963357103097d172cc
sues200,sues200_satellite_to_uav_150m,1,visual,80,5,0,0.26666666666666666,0.3333333333333333,null,null,0,0.5328125670552254,a0024554fabfdcd03efe8d46da3c80414baa16d26cf6a40d05e521ce55eeaddc,033b6eaea71b3084ca043902f6ba03b6487bf1762a9180963357103097d172cc
sues200,sues200_satellite_to_uav_150m,1,visual,80,6,0,0.3333333333333333,0.4,null,null,0,0.5328125670552254,a0024554fabfdcd03efe8d46da3c80414baa16d26cf6a40d05e521ce55eeaddc,033b6eaea71b3084ca043902f6ba03b6487bf1762a9180963357103097d172cc
sues200,sues200_satellite_to_uav_150m,1,visual,80,7,0,0.4,0.4666666666666667,null,null,0,0.5328125670552254,a0024554fabfdcd03efe8d46da3c80414baa16d26cf6a40d05e521ce55eeaddc,033b6eaea71b3084ca043902f6ba03b6487bf1762a9180963357103097d172cc
sues200,sues200_satellite_to_uav_150m,1,visual,80,8,0,0.4666666666666667,0.5333333333333333,null,null,0,0.5328125670552254,a0024554fabfdcd03efe8d46da3c80414baa16d26cf6a40d05e521ce55eeaddc,033b6eaea71b3084ca043902f6ba03b6487bf1762a9180963357103097d172cc
sues200,sues200_satellite_to_uav_150m,1,visual,80,9,0,0.5333333333333333,0.6,null,null,0,0.5328125670552254,a0024554fabfdcd03efe8d46da3c80414baa16d26cf6a40d05e521ce55eeaddc,033b6eaea71b3084ca043902f6ba03b6487bf1762a9180963357103097d172cc
sues200,sues200_satellite_to_uav_150m,1,visual,80,10,0,0.6,0.6666666666666666,null,null,0,0.5328125670552254,a0024554fabfdcd03efe8d46da3c80414baa16d26cf6a40d05e521ce55eeaddc,033b6eaea71b3084ca043902f6ba03b6487bf1762a9180963357103097d172cc
sues200,sues200_satellite_to_uav_150m,1,visual,80,11,0,0.6666666666666666,0.7333333333333333,null,null,0,0.5328125670552254,a0024554fabfdcd03efe8d46da3c80414baa16d26cf6a40d05e521ce55eeaddc,033b6eaea71b3084ca043902f6ba03b6487bf1762a9180963357103097d172cc
sues200,sues200_satellite_to_uav_150m,1,visual,80,12,0,0.7333333333333333,0.8,null,null,0,0.5328125670552254,a0024554fabfdcd03efe8d46da3c80414baa16d26cf6a40d05e521ce55eeaddc,033b6eaea71b3084ca043902f6ba03b6487bf1762a9180963357103097d172cc
sues200,sues200_satellite_to_uav_150m,1,visual,80,13,0,0.8,0.8666666666666667,null,null,0,0.5328125670552254,a0024554fabfdcd03efe8d46da3c80414baa16d26cf6a40d05e521ce55eeaddc,033b6eaea71b3084ca043902f6ba03b6487bf1762a9180963357103097d172cc
sues200,sues200_satellite_to_uav_150m,1,visual,80,14,0,0.8666666666666667,0.9333333333333333,null,null,0,0.5328125670552254,a0024554fabfdcd03efe8d46da3c80414baa16d26cf6a40d05e521ce55eeaddc,033b6eaea71b3084ca043902f6ba03b6487bf1762a9180963357103097d172cc
sues200,sues200_satellite_to_uav_150m,1,visual,80,15,0,0.9333333333333333,1,null,null,0,0.5328125670552254,a0024554fabfdcd03efe8d46da3c80414baa16d26cf6a40d05e521ce55eeaddc,033b6eaea71b3084ca043902f6ba03b6487bf1762a9180963357103097d172cc
sues200,sues200_satellite_to_uav_150m,1,full,80,1,80,0,0.06666666666666667,0.475,0.005783560499548912,0.46921643950045105,0.46921643950045105,a0024554fabfdcd03efe8d46da3c80414baa16d26cf6a40d05e521ce55eeaddc,033b6eaea71b3084ca043902f6ba03b6487bf1762a9180963357103097d172cc
sues200,sues200_satellite_to_uav_150m,1,full,80,2,0,0.06666666666666667,0.13333333333333333,null,null,0,0.46921643950045105,a0024554fabfdcd03efe8d46da3c80414baa16d26cf6a40d05e521ce55eeaddc,033b6eaea71b3084ca043902f6ba03b6487bf1762a9180963357103097d172cc
sues200,sues200_satellite_to_uav_150m,1,full,80,3,0,0.13333333333333333,0.2,null,null,0,0.46921643950045105,a0024554fabfdcd03efe8d46da3c80414baa16d26cf6a40d05e521ce55eeaddc,033b6eaea71b3084ca043902f6ba03b6487bf1762a9180963357103097d172cc
sues200,sues200_satellite_to_uav_150m,1,full,80,4,0,0.2,0.26666666666666666,null,null,0,0.46921643950045105,a0024554fabfdcd03efe8d46da3c80414baa16d26cf6a40d05e521ce55eeaddc,033b6eaea71b3084ca043902f6ba03b6487bf1762a9180963357103097d172cc
sues200,sues200_satellite_to_uav_150m,1,full,80,5,0,0.26666666666666666,0.3333333333333333,null,null,0,0.46921643950045105,a0024554fabfdcd03efe8d46da3c80414baa16d26cf6a40d05e521ce55eeaddc,033b6eaea71b3084ca043902f6ba03b6487bf1762a9180963357103097d172cc
sues200,sues200_satellite_to_uav_150m,1,full,80,6,0,0.3333333333333333,0.4,null,null,0,0.46921643950045105,a0024554fabfdcd03efe8d46da3c80414baa16d26cf6a40d05e521ce55eeaddc,033b6eaea71b3084ca043902f6ba03b6487bf1762a9180963357103097d172cc
sues200,sues200_satellite_to_uav_150m,1,full,80,7,0,0.4,0.4666666666666667,null,null,0,0.46921643950045105,a0024554fabfdcd03efe8d46da3c80414baa16d26cf6a40d05e521ce55eeaddc,033b6eaea71b3084ca043902f6ba03b6487bf1762a9180963357103097d172cc
sues200,sues200_satellite_to_uav_150m,1,full,80,8,0,0.4666666666666667,0.5333333333333333,null,null,0,0.46921643950045105,a0024554fabfdcd03efe8d46da3c80414baa16d26cf6a40d05e521ce55eeaddc,033b6eaea71b3084ca043902f6ba03b6487bf1762a9180963357103097d172cc
sues200,sues200_satellite_to_uav_150m,1,full,80,9,0,0.5333333333333333,0.6,null,null,0,0.46921643950045105,a0024554fabfdcd03efe8d46da3c80414baa16d26cf6a40d05e521ce55eeaddc,033b6eaea71b3084ca043902f6ba03b6487bf1762a9180963357103097d172cc
sues200,sues200_satellite_to_uav_150m,1,full,80,10,0,0.6,0.6666666666666666,null,null,0,0.46921643950045105,a0024554fabfdcd03efe8d46da3c80414baa16d26cf6a40d05e521ce55eeaddc,033b6eaea71b3084ca043902f6ba03b6487bf1762a9180963357103097d172cc
sues200,sues200_satellite_to_uav_150m,1,full,80,11,0,0.6666666666666666,0.7333333333333333,null,null,0,0.46921643950045105,a0024554fabfdcd03efe8d46da3c80414baa16d26cf6a40d05e521ce55eeaddc,033b6eaea71b3084ca043902f6ba03b6487bf1762a9180963357103097d172cc
sues200,sues200_satellite_to_uav_150m,1,full,80,12,0,0.7333333333333333,0.8,null,null,0,0.46921643950045105,a0024554fabfdcd03efe8d46da3c80414baa16d26cf6a40d05e521ce55eeaddc,033b6eaea71b3084ca043902f6ba03b6487bf1762a9180963357103097d172cc
sues200,sues200_satellite_to_uav_150m,1,full,80,13,0,0.8,0.8666666666666667,null,null,0,0.46921643950045105,a0024554fabfdcd03efe8d46da3c80414baa16d26cf6a40d05e521ce55eeaddc,033b6eaea71b3084ca043902f6ba03b6487bf1762a9180963357103097d172cc
sues200,sues200_satellite_to_uav_150m,1,full,80,14,0,0.8666666666666667,0.9333333333333333,null,null,0,0.46921643950045105,a0024554fabfdcd03efe8d46da3c80414baa16d26cf6a40d05e521ce55eeaddc,033b6eaea71b3084ca043902f6ba03b6487bf1762a9180963357103097d172cc
sues200,sues200_satellite_to_uav_150m,1,full,80,15,0,0.9333333333333333,1,null,null,0,0.46921643950045105,a0024554fabfdcd03efe8d46da3c80414baa16d26cf6a40d05e521ce55eeaddc,033b6eaea71b3084ca043902f6ba03b6487bf1762a9180963357103097d172cc
sues200,sues200_satellite_to_uav_150m,2,visual,80,1,80,0,0.06666666666666667,0.575,0.006751430407166481,0.5682485695928334,0.5682485695928334,a0024554fabfdcd03efe8d46da3c80414baa16d26cf6a40d05e521ce55eeaddc,033b6eaea71b3084ca043902f6ba03b6487bf1762a9180963357103097d172cc
sues200,sues200_satellite_to_uav_150m,2,visual,80,2,0,0.06666666666666667,0.13333333333333333,null,null,0,0.5682485695928334,a0024554fabfdcd03efe8d46da3c80414baa16d26cf6a40d05e521ce55eeaddc,033b6eaea71b3084ca043902f6ba03b6487bf1762a9180963357103097d172cc
sues200,sues200_satellite_to_uav_150m,2,visual,80,3,0,0.13333333333333333,0.2,null,null,0,0.5682485695928334,a0024554fabfdcd03efe8d46da3c80414baa16d26cf6a40d05e521ce55eeaddc,033b6eaea71b3084ca043902f6ba03b6487bf1762a9180963357103097d172cc
sues200,sues200_satellite_to_uav_150m,2,visual,80,4,0,0.2,0.26666666666666666,null,null,0,0.5682485695928334,a0024554fabfdcd03efe8d46da3c80414baa16d26cf6a40d05e521ce55eeaddc,033b6eaea71b3084ca043902f6ba03b6487bf1762a9180963357103097d172cc
sues200,sues200_satellite_to_uav_150m,2,visual,80,5,0,0.26666666666666666,0.3333333333333333,null,null,0,0.5682485695928334,a0024554fabfdcd03efe8d46da3c80414baa16d26cf6a40d05e521ce55eeaddc,033b6eaea71b3084ca043902f6ba03b6487bf1762a9180963357103097d172cc
sues200,sues200_satellite_to_uav_150m,2,visual,80,6,0,0.3333333333333333,0.4,null,null,0,0.5682485695928334,a0024554fabfdcd03efe8d46da3c80414baa16d26cf6a40d05e521ce55eeaddc,033b6eaea71b3084ca043902f6ba03b6487bf1762a9180963357103097d172cc
sues200,sues200_satellite_to_uav_150m,2,visual,80,7,0,0.4,0.4666666666666667,null,null,0,0.5682485695928334,a0024554fabfdcd03efe8d46da3c80414baa16d26cf6a40d05e521ce55eeaddc,033b6eaea71b3084ca043902f6ba03b6487bf1762a9180963357103097d172cc
sues200,sues200_satellite_to_uav_150m,2,visual,80,8,0,0.4666666666666667,0.5333333333333333,null,null,0,0.5682485695928334,a0024554fabfdcd03efe8d46da3c80414baa16d26cf6a40d05e521ce55eeaddc,033b6eaea71b3084ca043902f6ba03b6487bf1762a9180963357103097d172cc
sues200,sues200_satellite_to_uav_150m,2,visual,80,9,0,0.5333333333333333,0.6,null,null,0,0.5682485695928334,a0024554fabfdcd03efe8d46da3c80414baa16d26cf6a40d05e521ce55eeaddc,033b6eaea71b3084ca043902f6ba03b6487bf1762a9180963357103097d172cc
sues200,sues200_satellite_to_uav_150m,2,visual,80,10,0,0.6,0.6666666666666666,null,null,0,0.5682485695928334,a0024554fabfdcd03efe8d46da3c80414baa16d26cf6a40d05e521ce55eeaddc,033b6eaea71b3084ca043902f6ba03b6487bf1762a9180963357103097d172cc
sues200,sues200_satellite_to_uav_150m,2,visual,80,11,0,0.6666666666666666,0.7333333333333333,null,null,0,0.5682485695928334,a0024554fabfdcd03efe8d46da3c80414baa16d26cf6a40d05e521ce55eeaddc,033b6eaea71b3084ca043902f6ba03b6487bf1762a9180963357103097d172cc
sues200,sues200_satellite_to_uav_150m,2,visual,80,12,0,0.7333333333333333,0.8,null,null,0,0.5682485695928334,a0024554fabfdcd03efe8d46da3c80414baa16d26cf6a40d05e521ce55eeaddc,033b6eaea71b3084ca043902f6ba03b6487bf1762a9180963357103097d172cc
sues200,sues200_satellite_to_uav_150m,2,visual,80,13,0,0.8,0.8666666666666667,null,null,0,0.5682485695928334,a0024554fabfdcd03efe8d46da3c80414baa16d26cf6a40d05e521ce55eeaddc,033b6eaea71b3084ca043902f6ba03b6487bf1762a9180963357103097d172cc
sues200,sues200_satellite_to_uav_150m,2,visual,80,14,0,0.8666666666666667,0.9333333333333333,null,null,0,0.5682485695928334,a0024554fabfdcd03efe8d46da3c80414baa16d26cf6a40d05e521ce55eeaddc,033b6eaea71b3084ca043902f6ba03b6487bf1762a9180963357103097d172cc
sues200,sues200_satellite_to_uav_150m,2,visual,80,15,0,0.9333333333333333,1,null,null,0,0.5682485695928334,a0024554fabfdcd03efe8d46da3c80414baa16d26cf6a40d05e521ce55eeaddc,033b6eaea71b3084ca043902f6ba03b6487bf1762a9180963357103097d172cc
sues200,sues200_satellite_to_uav_150m,2,full,80,1,80,0,0.06666666666666667,0.475,0.005104400590062142,0.46989559940993786,0.46989559940993786,a0024554fabfdcd03efe8d46da3c80414baa16d26cf6a40d05e521ce55eeaddc,033b6eaea71b3084ca043902f6ba03b6487bf1762a9180963357103097d172cc
sues200,sues200_satellite_to_uav_150m,2,full,80,2,0,0.06666666666666667,0.13333333333333333,null,null,0,0.46989559940993786,a0024554fabfdcd03efe8d46da3c80414baa16d26cf6a40d05e521ce55eeaddc,033b6eaea71b3084ca043902f6ba03b6487bf1762a9180963357103097d172cc
sues200,sues200_satellite_to_uav_150m,2,full,80,3,0,0.13333333333333333,0.2,null,null,0,0.46989559940993786,a0024554fabfdcd03efe8d46da3c80414baa16d26cf6a40d05e521ce55eeaddc,033b6eaea71b3084ca043902f6ba03b6487bf1762a9180963357103097d172cc
sues200,sues200_satellite_to_uav_150m,2,full,80,4,0,0.2,0.26666666666666666,null,null,0,0.46989559940993786,a0024554fabfdcd03efe8d46da3c80414baa16d26cf6a40d05e521ce55eeaddc,033b6eaea71b3084ca043902f6ba03b6487bf1762a9180963357103097d172cc
sues200,sues200_satellite_to_uav_150m,2,full,80,5,0,0.26666666666666666,0.3333333333333333,null,null,0,0.46989559940993786,a0024554fabfdcd03efe8d46da3c80414baa16d26cf6a40d05e521ce55eeaddc,033b6eaea71b3084ca043902f6ba03b6487bf1762a9180963357103097d172cc
sues200,sues200_satellite_to_uav_150m,2,full,80,6,0,0.3333333333333333,0.4,null,null,0,0.46989559940993786,a0024554fabfdcd03efe8d46da3c80414baa16d26cf6a40d05e521ce55eeaddc,033b6eaea71b3084ca043902f6ba03b6487bf1762a9180963357103097d172cc
sues200,sues200_satellite_to_uav_150m,2,full,80,7,0,0.4,0.4666666666666667,null,null,0,0.46989559940993786,a0024554fabfdcd03efe8d46da3c80414baa16d26cf6a40d05e521ce55eeaddc,033b6eaea71b3084ca043902f6ba03b6487bf1762a9180963357103097d172cc
sues200,sues200_satellite_to_uav_150m,2,full,80,8,0,0.4666666666666667,0.5333333333333333,null,null,0,0.46989559940993786,a0024554fabfdcd03efe8d46da3c80414baa16d26cf6a40d05e521ce55eeaddc,033b6eaea71b3084ca043902f6ba03b6487bf1762a9180963357103097d172cc
sues200,sues200_satellite_to_uav_150m,2,full,80,9,0,0.5333333333333333,0.6,null,null,0,0.46989559940993786,a0024554fabfdcd03efe8d46da3c80414baa16d26cf6a40d05e521ce55eeaddc,033b6eaea71b3084ca043902f6ba03b6487bf1762a9180963357103097d172cc
sues200,sues200_satellite_to_uav_150m,2,full,80,10,0,0.6,0.6666666666666666,null,null,0,0.46989559940993786,a0024554fabfdcd03efe8d46da3c80414baa16d26cf6a40d05e521ce55eeaddc,033b6eaea71b3084ca043902f6ba03b6487bf1762a9180963357103097d172cc
sues200,sues200_satellite_to_uav_150m,2,full,80,11,0,0.6666666666666666,0.7333333333333333,null,null,0,0.46989559940993786,a0024554fabfdcd03efe8d46da3c80414baa16d26cf6a40d05e521ce55eeaddc,033b6eaea71b3084ca043902f6ba03b6487bf1762a9180963357103097d172cc
sues200,sues200_satellite_to_uav_150m,2,full,80,12,0,0.7333333333333333,0.8,null,null,0,0.46989559940993786,a0024554fabfdcd03efe8d46da3c80414baa16d26cf6a40d05e521ce55eeaddc,033b6eaea71b3084ca043902f6ba03b6487bf1762a9180963357103097d172cc
sues200,sues200_satellite_to_uav_150m,2,full,80,13,0,0.8,0.8666666666666667,null,null,0,0.46989559940993786,a0024554fabfdcd03efe8d46da3c80414baa16d26cf6a40d05e521ce55eeaddc,033b6eaea71b3084ca043902f6ba03b6487bf1762a9180963357103097d172cc
sues200,sues200_satellite_to_uav_150m,2,full,80,14,0,0.8666666666666667,0.9333333333333333,null,null,0,0.46989559940993786,a0024554fabfdcd03efe8d46da3c80414baa16d26cf6a40d05e521ce55eeaddc,033b6eaea71b3084ca043902f6ba03b6487bf1762a9180963357103097d172cc
sues200,sues200_satellite_to_uav_150m,2,full,80,15,0,0.9333333333333333,1,null,null,0,0.46989559940993786,a0024554fabfdcd03efe8d46da3c80414baa16d26cf6a40d05e521ce55eeaddc,033b6eaea71b3084ca043902f6ba03b6487bf1762a9180963357103097d172cc
sues200,sues200_satellite_to_uav_150m,3,visual,80,1,80,0,0.06666666666666667,0.6125,0.00570012591779232,0.6067998740822077,0.6067998740822077,a0024554fabfdcd03efe8d46da3c80414baa16d26cf6a40d05e521ce55eeaddc,033b6eaea71b3084ca043902f6ba03b6487bf1762a9180963357103097d172cc
sues200,sues200_satellite_to_uav_150m,3,visual,80,2,0,0.06666666666666667,0.13333333333333333,null,null,0,0.6067998740822077,a0024554fabfdcd03efe8d46da3c80414baa16d26cf6a40d05e521ce55eeaddc,033b6eaea71b3084ca043902f6ba03b6487bf1762a9180963357103097d172cc
sues200,sues200_satellite_to_uav_150m,3,visual,80,3,0,0.13333333333333333,0.2,null,null,0,0.6067998740822077,a0024554fabfdcd03efe8d46da3c80414baa16d26cf6a40d05e521ce55eeaddc,033b6eaea71b3084ca043902f6ba03b6487bf1762a9180963357103097d172cc
sues200,sues200_satellite_to_uav_150m,3,visual,80,4,0,0.2,0.26666666666666666,null,null,0,0.6067998740822077,a0024554fabfdcd03efe8d46da3c80414baa16d26cf6a40d05e521ce55eeaddc,033b6eaea71b3084ca043902f6ba03b6487bf1762a9180963357103097d172cc
sues200,sues200_satellite_to_uav_150m,3,visual,80,5,0,0.26666666666666666,0.3333333333333333,null,null,0,0.6067998740822077,a0024554fabfdcd03efe8d46da3c80414baa16d26cf6a40d05e521ce55eeaddc,033b6eaea71b3084ca043902f6ba03b6487bf1762a9180963357103097d172cc
sues200,sues200_satellite_to_uav_150m,3,visual,80,6,0,0.3333333333333333,0.4,null,null,0,0.6067998740822077,a0024554fabfdcd03efe8d46da3c80414baa16d26cf6a40d05e521ce55eeaddc,033b6eaea71b3084ca043902f6ba03b6487bf1762a9180963357103097d172cc
sues200,sues200_satellite_to_uav_150m,3,visual,80,7,0,0.4,0.4666666666666667,null,null,0,0.6067998740822077,a0024554fabfdcd03efe8d46da3c80414baa16d26cf6a40d05e521ce55eeaddc,033b6eaea71b3084ca043902f6ba03b6487bf1762a9180963357103097d172cc
sues200,sues200_satellite_to_uav_150m,3,visual,80,8,0,0.4666666666666667,0.5333333333333333,null,null,0,0.6067998740822077,a0024554fabfdcd03efe8d46da3c80414baa16d26cf6a40d05e521ce55eeaddc,033b6eaea71b3084ca043902f6ba03b6487bf1762a9180963357103097d172cc
sues200,sues200_satellite_to_uav_150m,3,visual,80,9,0,0.5333333333333333,0.6,null,null,0,0.6067998740822077,a0024554fabfdcd03efe8d46da3c80414baa16d26cf6a40d05e521ce55eeaddc,033b6eaea71b3084ca043902f6ba03b6487bf1762a9180963357103097d172cc
sues200,sues200_satellite_to_uav_150m,3,visual,80,10,0,0.6,0.6666666666666666,null,null,0,0.6067998740822077,a0024554fabfdcd03efe8d46da3c80414baa16d26cf6a40d05e521ce55eeaddc,033b6eaea71b3084ca043902f6ba03b6487bf1762a9180963357103097d172cc
sues200,sues200_satellite_to_uav_150m,3,visual,80,11,0,0.6666666666666666,0.7333333333333333,null,null,0,0.6067998740822077,a0024554fabfdcd03efe8d46da3c80414baa16d26cf6a40d05e521ce55eeaddc,033b6eaea71b3084ca043902f6ba03b6487bf1762a9180963357103097d172cc
sues200,sues200_satellite_to_uav_150m,3,visual,80,12,0,0.7333333333333333,0.8,null,null,0,0.6067998740822077,a0024554fabfdcd03efe8d46da3c80414baa16d26cf6a40d05e521ce55eeaddc,033b6eaea71b3084ca043902f6ba03b6487bf1762a9180963357103097d172cc
sues200,sues200_satellite_to_uav_150m,3,visual,80,13,0,0.8,0.8666666666666667,null,null,0,0.6067998740822077,a0024554fabfdcd03efe8d46da3c80414baa16d26cf6a40d05e521ce55eeaddc,033b6eaea71b3084ca043902f6ba03b6487bf1762a9180963357103097d172cc
sues200,sues200_satellite_to_uav_150m,3,visual,80,14,0,0.8666666666666667,0.9333333333333333,null,null,0,0.6067998740822077,a0024554fabfdcd03efe8d46da3c80414baa16d26cf6a40d05e521ce55eeaddc,033b6eaea71b3084ca043902f6ba03b6487bf1762a9180963357103097d172cc
sues200,sues200_satellite_to_uav_150m,3,visual,80,15,0,0.9333333333333333,1,null,null,0,0.6067998740822077,a0024554fabfdcd03efe8d46da3c80414baa16d26cf6a40d05e521ce55eeaddc,033b6eaea71b3084ca043902f6ba03b6487bf1762a9180963357103097d172cc
sues200,sues200_satellite_to_uav_150m,3,full,80,1,80,0,0.06666666666666667,0.4875,0.005571958795189858,0.48192804120481014,0.48192804120481014,a0024554fabfdcd03efe8d46da3c80414baa16d26cf6a40d05e521ce55eeaddc,033b6eaea71b3084ca043902f6ba03b6487bf1762a9180963357103097d172cc
sues200,sues200_satellite_to_uav_150m,3,full,80,2,0,0.06666666666666667,0.13333333333333333,null,null,0,0.48192804120481014,a0024554fabfdcd03efe8d46da3c80414baa16d26cf6a40d05e521ce55eeaddc,033b6eaea71b3084ca043902f6ba03b6487bf1762a9180963357103097d172cc
sues200,sues200_satellite_to_uav_150m,3,full,80,3,0,0.13333333333333333,0.2,null,null,0,0.48192804120481014,a0024554fabfdcd03efe8d46da3c80414baa16d26cf6a40d05e521ce55eeaddc,033b6eaea71b3084ca043902f6ba03b6487bf1762a9180963357103097d172cc
sues200,sues200_satellite_to_uav_150m,3,full,80,4,0,0.2,0.26666666666666666,null,null,0,0.48192804120481014,a0024554fabfdcd03efe8d46da3c80414baa16d26cf6a40d05e521ce55eeaddc,033b6eaea71b3084ca043902f6ba03b6487bf1762a9180963357103097d172cc
sues200,sues200_satellite_to_uav_150m,3,full,80,5,0,0.26666666666666666,0.3333333333333333,null,null,0,0.48192804120481014,a0024554fabfdcd03efe8d46da3c80414baa16d26cf6a40d05e521ce55eeaddc,033b6eaea71b3084ca043902f6ba03b6487bf1762a9180963357103097d172cc
sues200,sues200_satellite_to_uav_150m,3,full,80,6,0,0.3333333333333333,0.4,null,null,0,0.48192804120481014,a0024554fabfdcd03efe8d46da3c80414baa16d26cf6a40d05e521ce55eeaddc,033b6eaea71b3084ca043902f6ba03b6487bf1762a9180963357103097d172cc
sues200,sues200_satellite_to_uav_150m,3,full,80,7,0,0.4,0.4666666666666667,null,null,0,0.48192804120481014,a0024554fabfdcd03efe8d46da3c80414baa16d26cf6a40d05e521ce55eeaddc,033b6eaea71b3084ca043902f6ba03b6487bf1762a9180963357103097d172cc
sues200,sues200_satellite_to_uav_150m,3,full,80,8,0,0.4666666666666667,0.5333333333333333,null,null,0,0.48192804120481014,a0024554fabfdcd03efe8d46da3c80414baa16d26cf6a40d05e521ce55eeaddc,033b6eaea71b3084ca043902f6ba03b6487bf1762a9180963357103097d172cc
sues200,sues200_satellite_to_uav_150m,3,full,80,9,0,0.5333333333333333,0.6,null,null,0,0.48192804120481014,a0024554fabfdcd03efe8d46da3c80414baa16d26cf6a40d05e521ce55eeaddc,033b6eaea71b3084ca043902f6ba03b6487bf1762a9180963357103097d172cc
sues200,sues200_satellite_to_uav_150m,3,full,80,10,0,0.6,0.6666666666666666,null,null,0,0.48192804120481014,a0024554fabfdcd03efe8d46da3c80414baa16d26cf6a40d05e521ce55eeaddc,033b6eaea71b3084ca043902f6ba03b6487bf1762a9180963357103097d172cc
sues200,sues200_satellite_to_uav_150m,3,full,80,11,0,0.6666666666666666,0.7333333333333333,null,null,0,0.48192804120481014,a0024554fabfdcd03efe8d46da3c80414baa16d26cf6a40d05e521ce55eeaddc,033b6eaea71b3084ca043902f6ba03b6487bf1762a9180963357103097d172cc
sues200,sues200_satellite_to_uav_150m,3,full,80,12,0,0.7333333333333333,0.8,null,null,0,0.48192804120481014,a0024554fabfdcd03efe8d46da3c80414baa16d26cf6a40d05e521ce55eeaddc,033b6eaea71b3084ca043902f6ba03b6487bf1762a9180963357103097d172cc
sues200,sues200_satellite_to_uav_150m,3,full,80,13,0,0.8,0.8666666666666667,null,null,0,0.48192804120481014,a0024554fabfdcd03efe8d46da3c80414baa16d26cf6a40d05e521ce55eeaddc,033b6eaea71b3084ca043902f6ba03b6487bf1762a9180963357103097d172cc
sues200,sues200_satellite_to_uav_150m,3,full,80,14,0,0.8666666666666667,0.9333333333333333,null,null,0,0.48192804120481014,a0024554fabfdcd03efe8d46da3c80414baa16d26cf6a40d05e521ce55eeaddc,033b6eaea71b3084ca043902f6ba03b6487bf1762a9180963357103097d172cc
sues200,sues200_satellite_to_uav_150m,3,full,80,15,0,0.9333333333333333,1,null,null,0,0.48192804120481014,a0024554fabfdcd03efe8d46da3c80414baa16d26cf6a40d05e521ce55eeaddc,033b6eaea71b3084ca043902f6ba03b6487bf1762a9180963357103097d172cc
