task,metric,clean,corrupted,absolute_drop_fraction,percentage_point_drop,relative_drop_fraction,relative_drop_percent
university1652_drone_to_satellite,r_at_1,0.3855501254788007,0.33509443930788535,0.05045568617091534,5.045568617091534,0.13086673518328196,13.086673518328196
university1652_drone_to_satellite,r_at_5,0.626205256901334,0.5820631356491877,0.04414212125214634,4.414212125214634,0.07049145749841805,7.049145749841805
university1652_drone_to_satellite,r_at_10,0.7196143177915731,0.6814423457931581,0.038171971998415044,3.8171971998415044,0.0530450423993246,5.30450423993246
university1652_drone_to_satellite,r_at_20,0.8072645621450271,0.7800554748381984,0.027209087306828694,2.7209087306828694,0.03370529140351452,3.370529140351452
university1652_drone_to_satellite,official_trapezoid_mAP,0.4424035847187042,0.3936104476451874,0.048793137073516846,4.879313707351685,0.11029100748480879,11.029100748480879
university1652_drone_to_satellite,MRR,0.49925702810287476,0.4521264433860779,0.047130584716796875,4.7130584716796875,0.09440144467447607,9.440144467447606
university1652_satellite_to_drone,r_at_1,0.5649072753209701,0.43509272467902993,0.12981455064194014,12.981455064194014,0.2297979797979799,22.97979797979799
university1652_satellite_to_drone,r_at_5,0.6961483594864479,0.5877318116975749,0.108416547788873,10.8416547788873,0.15573770491803274,15.573770491803273
university1652_satellite_to_drone,r_at_10,0.7517831669044223,0.666191155492154,0.08559201141226824,8.559201141226824,0.11385199240986725,11.385199240986724
university1652_satellite_to_drone,r_at_20,0.7917261055634808,0.7218259629101283,0.06990014265335243,6.990014265335242,0.08828828828828837,8.828828828828836
university1652_satellite_to_drone,official_trapezoid_mAP,0.36636626720428467,0.2809894382953644,0.08537682890892029,8.537682890892029,0.23303681739158164,23.30368173915816
university1652_satellite_to_drone,MRR,0.6279942393302917,0.5093719363212585,0.1186223030090332,11.86223030090332,0.1888907502328921,18.88907502328921
university1652_street_to_satellite,r_at_1,0.005428460643660334,0.004265219077161691,0.0011632415664986429,0.11632415664986429,0.21428571428571427,21.428571428571427
university1652_street_to_satellite,r_at_5,0.03722373012795657,0.026754556029468787,0.010469174098487785,1.0469174098487786,0.28125,28.125
university1652_street_to_satellite,r_at_10,0.058937572702597904,0.05001938735944164,0.008918185343156262,0.8918185343156262,0.1513157894736842,15.131578947368421
university1652_street_to_satellite,r_at_20,0.1015897634742148,0.09150833656455991,0.010081426909654898,1.0081426909654898,0.09923664122137398,9.923664122137398
university1652_street_to_satellite,official_trapezoid_mAP,0.017087433487176895,0.014482608065009117,0.002604825422167778,0.2604825422167778,0.15244099847543197,15.244099847543195
university1652_street_to_satellite,MRR,0.028746405616402626,0.024699997156858444,0.004046408459544182,0.4046408459544182,0.14076224045330077,14.076224045330076
