source_dataset,target_dataset,task,variant,n_seeds,protocol,queries,gallery,query_identities,gallery_identities,unit,r_at_1_mean,r_at_1_sample_sd,official_trapezoid_mAP_mean,official_trapezoid_mAP_sample_sd,MRR_mean,MRR_sample_sd
sues200,university1652,university1652_drone_to_satellite,visual,3,official test/query_drone -> test/gallery_satellite,37855,951,701,951,fraction,0.11008673446924669,0.0011737807652226653,0.14861383040746054,0.0006297831541397107,0.1871409366528193,0.00037921644406391046
sues200,university1652,university1652_drone_to_satellite,full,3,official test/query_drone -> test/gallery_satellite,37855,951,701,951,fraction,0.08177695592832299,0.006092465877263827,0.11655119309822719,0.006995960861287066,0.15132541954517365,0.008086340405917136
sues200,university1652,university1652_satellite_to_drone,visual,3,official test/query_satellite -> test/gallery_drone,701,51355,701,951,fraction,0.25677603423680456,0.017529537414328805,0.09543195863564809,0.004668779641118742,0.33548680941263836,0.01666768796874966
sues200,university1652,university1652_satellite_to_drone,full,3,official test/query_satellite -> test/gallery_drone,701,51355,701,951,fraction,0.1825962910128388,0.012436230937348561,0.06966795523961385,0.004376532360712236,0.25885044535001117,0.022711633232487958
sues200,university1652,university1652_street_to_satellite,visual,3,official test/query_street -> test/gallery_satellite,2579,951,701,951,fraction,0.002584981258885873,0.0009758090261433049,0.007036140964676936,0.0011232620533530374,0.01148730143904686,0.0014193073266615223
sues200,university1652,university1652_street_to_satellite,full,3,official test/query_street -> test/gallery_satellite,2579,951,701,951,fraction,0.0023264831329972858,0.0,0.007434318618228038,0.000454016713253261,0.01254215370863676,0.0009080321404511635
university1652,sues200,sues200_satellite_to_uav_150m,visual,3,official 80 test IDs as query; all 200 150m UAV IDs in gallery,80,10000,80,200,fraction,0.19583333333333333,0.040181878170803986,0.12802406152089438,0.016706063373970372,0.25403207043806714,0.03848866843422622
university1652,sues200,sues200_satellite_to_uav_150m,full,3,official 80 test IDs as query; all 200 150m UAV IDs in gallery,80,10000,80,200,fraction,0.12916666666666665,0.01909406539564933,0.09085060159365337,0.007382535991600175,0.18487652639547983,0.020941640268136837
university1652,sues200,sues200_satellite_to_uav_200m,visual,3,official 80 test IDs as query; all 200 200m UAV IDs in gallery,80,10000,80,200,fraction,0.2625,0.05,0.16866588095823923,0.033538018107113106,0.33665284514427185,0.05415972483559212
university1652,sues200,sues200_satellite_to_uav_200m,full,3,official 80 test IDs as query; all 200 200m UAV IDs in gallery,80,10000,80,200,fraction,0.15416666666666667,0.01443375672974064,0.12097141146659851,0.0055830528042217385,0.21401216089725494,0.018102499343000497
university1652,sues200,sues200_satellite_to_uav_250m,visual,3,official 80 test IDs as query; all 200 250m UAV IDs in gallery,80,10000,80,200,fraction,0.3,0.037500000000000006,0.21293873091538748,0.028945232355610116,0.36849608023961383,0.031206019501608596
university1652,sues200,sues200_satellite_to_uav_250m,full,3,official 80 test IDs as query; all 200 250m UAV IDs in gallery,80,10000,80,200,fraction,0.20416666666666666,0.026020824993326665,0.15253807604312897,0.0035548827769509776,0.266576811671257,0.031452162334753335
university1652,sues200,sues200_satellite_to_uav_300m,visual,3,official 80 test IDs as query; all 200 300m UAV IDs in gallery,80,10000,80,200,fraction,0.3458333333333333,0.0563656219102862,0.24482457836469015,0.025442668001477053,0.40241705377896625,0.05120712650032492
university1652,sues200,sues200_satellite_to_uav_300m,full,3,official 80 test IDs as query; all 200 300m UAV IDs in gallery,80,10000,80,200,fraction,0.19583333333333333,0.019094065395649337,0.1647676775852839,0.0037117483579077073,0.26014179984728497,0.0060459857887774
university1652,sues200,sues200_uav_150m_to_satellite,visual,3,official 80 test IDs as query; all 200 satellite IDs in gallery,4000,200,80,200,fraction,0.19141666666666668,0.02331353326575217,0.24536707997322083,0.023951362036891934,0.29931747913360596,0.024974476013910785
university1652,sues200,sues200_uav_150m_to_satellite,full,3,official 80 test IDs as query; all 200 satellite IDs in gallery,4000,200,80,200,fraction,0.14591666666666667,0.009268000503524654,0.1965915560722351,0.0066612365571674685,0.24726644655068716,0.006631720542631009
university1652,sues200,sues200_uav_200m_to_satellite,visual,3,official 80 test IDs as query; all 200 satellite IDs in gallery,4000,200,80,200,fraction,0.23900000000000002,0.02718455443813638,0.29546403884887695,0.027842889345702452,0.35192809502283734,0.028833355400971296
university1652,sues200,sues200_uav_200m_to_satellite,full,3,official 80 test IDs as query; all 200 satellite IDs in gallery,4000,200,80,200,fraction,0.16066666666666668,0.007973915809270465,0.21624726553757986,0.007074737672715929,0.2718278666337331,0.006602933079113227
university1652,sues200,sues200_uav_250m_to_satellite,visual,3,official 80 test IDs as query; all 200 satellite IDs in gallery,4000,200,80,200,fraction,0.27275,0.02368148010577042,0.3297492067019145,0.02462981636584945,0.38674837350845337,0.02574519251754456
university1652,sues200,sues200_uav_250m_to_satellite,full,3,official 80 test IDs as query; all 200 satellite IDs in gallery,4000,200,80,200,fraction,0.18608333333333332,0.009856258586975765,0.24333380162715912,0.0077685839459258384,0.30058425664901733,0.005975845708329588
university1652,sues200,sues200_uav_300m_to_satellite,visual,3,official 80 test IDs as query; all 200 satellite IDs in gallery,4000,200,80,200,fraction,0.2995,0.027915049704415714,0.3560233215490977,0.02919257953227764,0.41254664460817975,0.03059093316458032
university1652,sues200,sues200_uav_300m_to_satellite,full,3,official 80 test IDs as query; all 200 satellite IDs in gallery,4000,200,80,200,fraction,0.19533333333333333,0.0110151410945722,0.2527368664741516,0.009709850345002508,0.31014042099316913,0.008507315618893804
