dataset,task,seed,method_a,method_b,visual_r_at_1_pct,full_r_at_1_pct,difference_r_at_1_pp,ci95_low_pp,ci95_high_pp,paired_queries,bootstrap_samples,bootstrap_seed,bootstrap_unit,bootstrap_algorithm,difference_definition,query_membership_sha256
university1652,university1652_drone_to_satellite,1,visual,full,38.55501254788007,31.905956940958923,-6.649055606921146,-7.143045832782987,-6.162990357944789,37855,10000,20260727,path-aligned official query,ordinary paired resampling; exact multinomial category-count equivalent for binary R@1 differences,full minus visual,ffca00ffaff157d730da6a194fb79616f1a06aea206aa63239c33cdb1ae27a82
university1652,university1652_drone_to_satellite,2,visual,full,36.70320961563862,32.55580504556861,-4.147404570070004,-4.622903183199049,-3.663980980055475,37855,10000,20260728,path-aligned official query,ordinary paired resampling; exact multinomial category-count equivalent for binary R@1 differences,full minus visual,ffca00ffaff157d730da6a194fb79616f1a06aea206aa63239c33cdb1ae27a82
university1652,university1652_drone_to_satellite,3,visual,full,38.33311319508652,32.439572051248184,-5.8935411438383305,-6.377030775326904,-5.404834235900145,37855,10000,20260729,path-aligned official query,ordinary paired resampling; exact multinomial category-count equivalent for binary R@1 differences,full minus visual,ffca00ffaff157d730da6a194fb79616f1a06aea206aa63239c33cdb1ae27a82
university1652,university1652_satellite_to_drone,1,visual,full,56.490727532097004,45.93437945791726,-10.556348074179743,-14.122681883024251,-6.990014265335236,701,10000,20260730,path-aligned official query,ordinary paired resampling; exact multinomial category-count equivalent for binary R@1 differences,full minus visual,2a8a16dd7fa15ed22f095f317c91dcf84697c030e71ecc7d5c6c756df7116d50
university1652,university1652_satellite_to_drone,2,visual,full,50.35663338088445,43.081312410841655,-7.275320970042796,-10.699001426533524,-3.851640513552068,701,10000,20260731,path-aligned official query,ordinary paired resampling; exact multinomial category-count equivalent for binary R@1 differences,full minus visual,2a8a16dd7fa15ed22f095f317c91dcf84697c030e71ecc7d5c6c756df7116d50
university1652,university1652_satellite_to_drone,3,visual,full,56.06276747503567,43.509272467902996,-12.553495007132668,-16.262482168330955,-8.84450784593438,701,10000,20260732,path-aligned official query,ordinary paired resampling; exact multinomial category-count equivalent for binary R@1 differences,full minus visual,2a8a16dd7fa15ed22f095f317c91dcf84697c030e71ecc7d5c6c756df7116d50
university1652,university1652_street_to_satellite,1,visual,full,0.5428460643660333,0.9305932531989143,0.38774718883288095,-0.07754943776657619,0.8530438154323382,2579,10000,20260733,path-aligned official query,ordinary paired resampling; exact multinomial category-count equivalent for binary R@1 differences,full minus visual,051258292c829b9946946a5ca594751b1994fa34bf3d90e1d1dd373d014dcd56
university1652,university1652_street_to_satellite,2,visual,full,0.8142690965490499,0.9693679720822024,0.15509887553315238,-0.31019775106630476,0.6213648701046776,2579,10000,20260734,path-aligned official query,ordinary paired resampling; exact multinomial category-count equivalent for binary R@1 differences,full minus visual,051258292c829b9946946a5ca594751b1994fa34bf3d90e1d1dd373d014dcd56
university1652,university1652_street_to_satellite,3,visual,full,1.0081426909654905,1.0081426909654905,0.0,-0.46529662659945714,0.46529662659945714,2579,10000,20260735,path-aligned official query,ordinary paired resampling; exact multinomial category-count equivalent for binary R@1 differences,full minus visual,051258292c829b9946946a5ca594751b1994fa34bf3d90e1d1dd373d014dcd56
sues200,sues200_uav_150m_to_satellite,1,visual,full,34.075,28.7,-5.375,-7.1,-3.674375000000009,4000,10000,20260736,path-aligned official query,ordinary paired resampling; exact multinomial category-count equivalent for binary R@1 differences,full minus visual,25021cb7a74edd10f43c601506fec77a305b2f8549857a075300e46e0e64bd86
sues200,sues200_uav_150m_to_satellite,2,visual,full,33.85,26.85,-7.000000000000001,-8.649999999999999,-5.35,4000,10000,20260737,path-aligned official query,ordinary paired resampling; exact multinomial category-count equivalent for binary R@1 differences,full minus visual,25021cb7a74edd10f43c601506fec77a305b2f8549857a075300e46e0e64bd86
sues200,sues200_uav_150m_to_satellite,3,visual,full,38.75,29.75,-9.0,-10.75,-7.249999999999999,4000,10000,20260738,path-aligned official query,ordinary paired resampling; exact multinomial category-count equivalent for binary R@1 differences,full minus visual,25021cb7a74edd10f43c601506fec77a305b2f8549857a075300e46e0e64bd86
sues200,sues200_satellite_to_uav_150m,1,visual,full,53.75,47.5,-6.25,-20.0,7.5,80,10000,20260739,path-aligned official query,ordinary paired resampling; exact multinomial category-count equivalent for binary R@1 differences,full minus visual,d5b526f9de086d33af87c822260ac403e3282227aea1347b35f723d1fba85f08
sues200,sues200_satellite_to_uav_150m,2,visual,full,57.49999999999999,47.5,-10.0,-22.5,2.5,80,10000,20260740,path-aligned official query,ordinary paired resampling; exact multinomial category-count equivalent for binary R@1 differences,full minus visual,d5b526f9de086d33af87c822260ac403e3282227aea1347b35f723d1fba85f08
sues200,sues200_satellite_to_uav_150m,3,visual,full,61.25000000000001,48.75,-12.5,-25.0,0.0,80,10000,20260741,path-aligned official query,ordinary paired resampling; exact multinomial category-count equivalent for binary R@1 differences,full minus visual,d5b526f9de086d33af87c822260ac403e3282227aea1347b35f723d1fba85f08
sues200,sues200_uav_200m_to_satellite,1,visual,full,41.449999999999996,33.15,-8.3,-10.15,-6.5,4000,10000,20260742,path-aligned official query,ordinary paired resampling; exact multinomial category-count equivalent for binary R@1 differences,full minus visual,4114d1fe02021c80c59f6d2167772bb4bfc918613500ad499c33ca76a53e3d11
sues200,sues200_uav_200m_to_satellite,2,visual,full,42.725,32.725,-10.0,-11.725,-8.275,4000,10000,20260743,path-aligned official query,ordinary paired resampling; exact multinomial category-count equivalent for binary R@1 differences,full minus visual,4114d1fe02021c80c59f6d2167772bb4bfc918613500ad499c33ca76a53e3d11
sues200,sues200_uav_200m_to_satellite,3,visual,full,44.75,35.0,-9.75,-11.475,-8.0,4000,10000,20260744,path-aligned official query,ordinary paired resampling; exact multinomial category-count equivalent for binary R@1 differences,full minus visual,4114d1fe02021c80c59f6d2167772bb4bfc918613500ad499c33ca76a53e3d11
sues200,sues200_satellite_to_uav_200m,1,visual,full,61.25000000000001,61.25000000000001,0.0,-12.5,12.5,80,10000,20260745,path-aligned official query,ordinary paired resampling; exact multinomial category-count equivalent for binary R@1 differences,full minus visual,d5b526f9de086d33af87c822260ac403e3282227aea1347b35f723d1fba85f08
sues200,sues200_satellite_to_uav_200m,2,visual,full,66.25,52.5,-13.750000000000002,-27.500000000000004,0.0,80,10000,20260746,path-aligned official query,ordinary paired resampling; exact multinomial category-count equivalent for binary R@1 differences,full minus visual,d5b526f9de086d33af87c822260ac403e3282227aea1347b35f723d1fba85f08
sues200,sues200_satellite_to_uav_200m,3,visual,full,62.5,51.24999999999999,-11.25,-25.0,2.5,80,10000,20260747,path-aligned official query,ordinary paired resampling; exact multinomial category-count equivalent for binary R@1 differences,full minus visual,d5b526f9de086d33af87c822260ac403e3282227aea1347b35f723d1fba85f08
sues200,sues200_uav_250m_to_satellite,1,visual,full,48.1,35.975,-12.125,-14.000000000000002,-10.274999999999999,4000,10000,20260748,path-aligned official query,ordinary paired resampling; exact multinomial category-count equivalent for binary R@1 differences,full minus visual,e45de8ca5652316e09a6aa13b527648cc7a485ed2f5e0ffbf5012c7feeb7c36e
sues200,sues200_uav_250m_to_satellite,2,visual,full,45.45,38.574999999999996,-6.875000000000001,-8.625,-5.1499999999999995,4000,10000,20260749,path-aligned official query,ordinary paired resampling; exact multinomial category-count equivalent for binary R@1 differences,full minus visual,e45de8ca5652316e09a6aa13b527648cc7a485ed2f5e0ffbf5012c7feeb7c36e
sues200,sues200_uav_250m_to_satellite,3,visual,full,47.325,35.525,-11.799999999999999,-13.475000000000001,-10.075000000000001,4000,10000,20260750,path-aligned official query,ordinary paired resampling; exact multinomial category-count equivalent for binary R@1 differences,full minus visual,e45de8ca5652316e09a6aa13b527648cc7a485ed2f5e0ffbf5012c7feeb7c36e
sues200,sues200_satellite_to_uav_250m,1,visual,full,68.75,60.0,-8.75,-21.25,3.75,80,10000,20260751,path-aligned official query,ordinary paired resampling; exact multinomial category-count equivalent for binary R@1 differences,full minus visual,d5b526f9de086d33af87c822260ac403e3282227aea1347b35f723d1fba85f08
sues200,sues200_satellite_to_uav_250m,2,visual,full,66.25,58.75,-7.5,-20.0,5.0,80,10000,20260752,path-aligned official query,ordinary paired resampling; exact multinomial category-count equivalent for binary R@1 differences,full minus visual,d5b526f9de086d33af87c822260ac403e3282227aea1347b35f723d1fba85f08
sues200,sues200_satellite_to_uav_250m,3,visual,full,72.5,52.5,-20.0,-32.5,-7.5,80,10000,20260753,path-aligned official query,ordinary paired resampling; exact multinomial category-count equivalent for binary R@1 differences,full minus visual,d5b526f9de086d33af87c822260ac403e3282227aea1347b35f723d1fba85f08
sues200,sues200_uav_300m_to_satellite,1,visual,full,49.675000000000004,38.775,-10.9,-12.750625,-9.075,4000,10000,20260754,path-aligned official query,ordinary paired resampling; exact multinomial category-count equivalent for binary R@1 differences,full minus visual,207e3433a9101766f427177938a6ed5934c5d8dc67c70e28f7f6a0db850c76f6
sues200,sues200_uav_300m_to_satellite,2,visual,full,49.4,39.025,-10.375,-12.15,-8.625,4000,10000,20260755,path-aligned official query,ordinary paired resampling; exact multinomial category-count equivalent for binary R@1 differences,full minus visual,207e3433a9101766f427177938a6ed5934c5d8dc67c70e28f7f6a0db850c76f6
sues200,sues200_uav_300m_to_satellite,3,visual,full,50.05,37.5,-12.55,-14.300624999999997,-10.85,4000,10000,20260756,path-aligned official query,ordinary paired resampling; exact multinomial category-count equivalent for binary R@1 differences,full minus visual,207e3433a9101766f427177938a6ed5934c5d8dc67c70e28f7f6a0db850c76f6
sues200,sues200_satellite_to_uav_300m,1,visual,full,70.0,60.0,-10.0,-22.5,2.5,80,10000,20260757,path-aligned official query,ordinary paired resampling; exact multinomial category-count equivalent for binary R@1 differences,full minus visual,d5b526f9de086d33af87c822260ac403e3282227aea1347b35f723d1fba85f08
sues200,sues200_satellite_to_uav_300m,2,visual,full,73.75,57.49999999999999,-16.25,-31.25,-1.25,80,10000,20260758,path-aligned official query,ordinary paired resampling; exact multinomial category-count equivalent for binary R@1 differences,full minus visual,d5b526f9de086d33af87c822260ac403e3282227aea1347b35f723d1fba85f08
sues200,sues200_satellite_to_uav_300m,3,visual,full,77.5,57.49999999999999,-20.0,-30.0,-10.0,80,10000,20260759,path-aligned official query,ordinary paired resampling; exact multinomial category-count equivalent for binary R@1 differences,full minus visual,d5b526f9de086d33af87c822260ac403e3282227aea1347b35f723d1fba85f08
