task,metric,clean,corrupted,absolute_drop_fraction,percentage_point_drop,relative_drop_fraction,relative_drop_percent
university1652_drone_to_satellite,r_at_1,0.31905956940958924,0.3102628450667019,0.008796724342887363,0.8796724342887363,0.027570789865871925,2.7570789865871927
university1652_drone_to_satellite,r_at_5,0.5841764628186501,0.5765684850085854,0.0076079778100647255,0.7607977810064726,0.013023424075246459,1.302342407524646
university1652_drone_to_satellite,r_at_10,0.6886540747589486,0.6812574296658301,0.007396645093118437,0.7396645093118437,0.010740726533430452,1.0740726533430451
university1652_drone_to_satellite,r_at_20,0.7862897899881125,0.7816404702152953,0.00464931977281724,0.464931977281724,0.005912985049554733,0.5912985049554733
university1652_drone_to_satellite,official_trapezoid_mAP,0.38141995668411255,0.3729029595851898,0.00851699709892273,0.851699709892273,0.02232971020437823,2.2329710204378226
university1652_drone_to_satellite,MRR,0.4437803328037262,0.4355430603027344,0.008237272500991821,0.8237272500991821,0.01856159881838427,1.8561598818384268
university1652_satellite_to_drone,r_at_1,0.4593437945791726,0.4507845934379458,0.008559201141226824,0.8559201141226824,0.01863354037267082,1.8633540372670818
university1652_satellite_to_drone,r_at_5,0.6191155492154066,0.6134094151212554,0.005706134094151216,0.5706134094151216,0.009216589861751157,0.9216589861751158
university1652_satellite_to_drone,r_at_10,0.6776034236804565,0.6833095577746077,-0.005706134094151216,-0.5706134094151216,-0.008421052631578952,-0.8421052631578954
university1652_satellite_to_drone,r_at_20,0.7517831669044223,0.7446504992867332,0.007132667617689048,0.7132667617689048,0.00948766603415564,0.9487666034155641
university1652_satellite_to_drone,official_trapezoid_mAP,0.2924031913280487,0.2896919250488281,0.002711266279220581,0.2711266279220581,0.009272355294435883,0.9272355294435883
university1652_satellite_to_drone,MRR,0.538109540939331,0.5272485613822937,0.010860979557037354,1.0860979557037354,0.02018358481077716,2.018358481077716
university1652_street_to_satellite,r_at_1,0.009305932531989143,0.008918185343156262,0.0003877471888328807,0.03877471888328807,0.04166666666666664,4.166666666666663
university1652_street_to_satellite,r_at_5,0.04420317952694843,0.04110120201628538,0.0031019775106630523,0.3101977510663052,0.07017543859649134,7.017543859649132
university1652_street_to_satellite,r_at_10,0.06863125242341993,0.06863125242341993,0.0,0.0,0.0,0.0
university1652_street_to_satellite,r_at_20,0.12175261729352463,0.11981388134936022,0.0019387359441644103,0.19387359441644103,0.015923566878980937,1.5923566878980937
university1652_street_to_satellite,official_trapezoid_mAP,0.021849311888217926,0.021454190835356712,0.0003951210528612137,0.03951210528612137,0.018083912888546376,1.8083912888546374
university1652_street_to_satellite,MRR,0.03439268842339516,0.033990196883678436,0.0004024915397167206,0.04024915397167206,0.011702822843093917,1.1702822843093919
