sensitivity_role,family,dataset,task,setting,backbone,embed_dim,seed,queries,gallery,r_at_1_pct,r_at_5_pct,r_at_10_pct,r_at_20_pct,official_trapezoid_mAP_pct,MRR_pct,checkpoint_sha256,gallery_identities,mean_top1_margin,metrics_sha256,per_query_arrays_sha256,protocol,protocol_membership_sha256,query_identities,query_membership_sha256,run_config_sha256,variant
main_full_seed1_reference,formal_main,university1652,university1652_drone_to_satellite,full,resnet18,512,1,37855,951,31.905956940958923,58.41764628186501,68.86540747589486,78.62633733984943,38.14201056957245,44.378066062927246,581fc1b40e0dc343f3906c8e180bc843a58d37ba97e8fb5833f2c49ac39a9c99,951,0.04357321560382843,bc283968cc7d90459fc66a11278df1ae9db3532ff81f0d4f82db7d7596487b81,4b8cb9ff3b6eb4ca8ad387c470c82d72f57a07cecf881497666717ca7af051bf,official test/query_drone -> test/gallery_satellite,c271b8b342a9642a8ee7bd767ace06f9d934cd58a4c83885d51db2e7b94221df,701,d66087cdc8700b60359995c5da4f13341267ec4c6276d7208f71f2f9d8db4371,3bd013e50688919ebd45a45a26cd1eeec417acf239bfd5b476c801c503581d26,full
frozen_sensitivity_run,formal_sensitivity,university1652,university1652_drone_to_satellite,backbone_resnet50,resnet50,512,1,37855,951,35.88957865539559,61.92048606524898,71.8953903051116,80.63663980980056,41.974055767059326,48.05853068828583,41ab3d8dde8ed8f26f5f7bd78323427dd8f9085846661c8ecddf7c7401da902f,951,0.04684944823384285,13031c9748bc52940e745eea60549f386914fdad26154cb200eff0ce2f5733a1,3cef3cdd9b9603fec191dc53b6dc57eb946af5cc60e498fd4f3668c53e09edfb,official test/query_drone -> test/gallery_satellite,c271b8b342a9642a8ee7bd767ace06f9d934cd58a4c83885d51db2e7b94221df,701,d66087cdc8700b60359995c5da4f13341267ec4c6276d7208f71f2f9d8db4371,0df2b8cf7c144cf5024b74561d5686d0ad15d6acc5c138d56da5c921544d1a20,full
frozen_sensitivity_run,formal_sensitivity,university1652,university1652_drone_to_satellite,embed_dim_256,resnet18,256,1,37855,951,31.77123233390569,57.926297714965,68.3978338396513,78.24593844934618,37.912943959236145,44.054657220840454,dc8354496c32785b7751cc062a125b5279895d31cc05e32096a2363a53e92c7b,951,0.042715709656476974,9b92b35172a166830679e66306de60f83690f8b0661481c2f3ed8126feb2a714,e520b919404e111b6630e5550641d63a92435f34170414f7a6ee2ad65e5aaa0f,official test/query_drone -> test/gallery_satellite,c271b8b342a9642a8ee7bd767ace06f9d934cd58a4c83885d51db2e7b94221df,701,d66087cdc8700b60359995c5da4f13341267ec4c6276d7208f71f2f9d8db4371,795b03039fb65d1a76ed3b53ead6d421800f69e979f63a011aa212e097b7b14e,full
frozen_sensitivity_run,formal_sensitivity,university1652,university1652_drone_to_satellite,embed_dim_1024,resnet18,1024,1,37855,951,32.91771232333905,58.08743891163651,68.57218333113195,78.35688812574297,38.90843391418457,44.89915370941162,10362b38ff672c993725d940026c4fc06fcbd79908af511543d7b44bc825099c,951,0.04471195489168167,e7d7f0bebc558a56b97d53c17df46565b7e4cc1c27995700723f672c6d7c38a4,aaf2218c1851c56fce8120185cee2e77c32413360cbce7e8ca7cef8beaef0c76,official test/query_drone -> test/gallery_satellite,c271b8b342a9642a8ee7bd767ace06f9d934cd58a4c83885d51db2e7b94221df,701,d66087cdc8700b60359995c5da4f13341267ec4c6276d7208f71f2f9d8db4371,044badb66bb278f517562c721d0eeccef6a5cc3390c66cfae6f3be428f843e5f,full
main_full_seed1_reference,formal_main,university1652,university1652_satellite_to_drone,full,resnet18,512,1,701,51355,45.93437945791726,61.911554921540656,67.76034236804564,75.17831669044223,29.24031913280487,53.810954093933105,581fc1b40e0dc343f3906c8e180bc843a58d37ba97e8fb5833f2c49ac39a9c99,951,0.012498866766691208,bc283968cc7d90459fc66a11278df1ae9db3532ff81f0d4f82db7d7596487b81,1a100682e151b7327bcd4d4cebd16cba1ed6c8141f0cc07ce662d6e69644fcd0,official test/query_satellite -> test/gallery_drone,c271b8b342a9642a8ee7bd767ace06f9d934cd58a4c83885d51db2e7b94221df,701,e4607da9f50a694dc9277c628d9f1b284533923e32987e687d9348e5bda71d02,3bd013e50688919ebd45a45a26cd1eeec417acf239bfd5b476c801c503581d26,full
frozen_sensitivity_run,formal_sensitivity,university1652,university1652_satellite_to_drone,backbone_resnet50,resnet50,512,1,701,51355,49.928673323823105,65.33523537803138,72.32524964336662,77.31811697574894,34.499138593673706,57.56579041481018,41ab3d8dde8ed8f26f5f7bd78323427dd8f9085846661c8ecddf7c7401da902f,951,0.012790422886610031,13031c9748bc52940e745eea60549f386914fdad26154cb200eff0ce2f5733a1,83736098cc6c9db811d68cbb52b953d1c790579ae72693b2357e6d775e4827fd,official test/query_satellite -> test/gallery_drone,c271b8b342a9642a8ee7bd767ace06f9d934cd58a4c83885d51db2e7b94221df,701,e4607da9f50a694dc9277c628d9f1b284533923e32987e687d9348e5bda71d02,0df2b8cf7c144cf5024b74561d5686d0ad15d6acc5c138d56da5c921544d1a20,full
frozen_sensitivity_run,formal_sensitivity,university1652,university1652_satellite_to_drone,embed_dim_256,resnet18,256,1,701,51355,43.22396576319544,61.62624821683309,67.90299572039943,75.46362339514978,29.009047150611877,51.79954171180725,dc8354496c32785b7751cc062a125b5279895d31cc05e32096a2363a53e92c7b,951,0.012983210384845734,9b92b35172a166830679e66306de60f83690f8b0661481c2f3ed8126feb2a714,2a442aafe939b5ec8da77696e803148243f53cbe845df4de81b07ada3428eb1e,official test/query_satellite -> test/gallery_drone,c271b8b342a9642a8ee7bd767ace06f9d934cd58a4c83885d51db2e7b94221df,701,e4607da9f50a694dc9277c628d9f1b284533923e32987e687d9348e5bda71d02,795b03039fb65d1a76ed3b53ead6d421800f69e979f63a011aa212e097b7b14e,full
frozen_sensitivity_run,formal_sensitivity,university1652,university1652_satellite_to_drone,embed_dim_1024,resnet18,1024,1,701,51355,46.50499286733238,60.05706134094151,67.76034236804564,73.32382310984308,30.088475346565247,53.44797372817993,10362b38ff672c993725d940026c4fc06fcbd79908af511543d7b44bc825099c,951,0.012487931177020073,e7d7f0bebc558a56b97d53c17df46565b7e4cc1c27995700723f672c6d7c38a4,b694207d4cf86b25f048b2ffb89b4f29958b10d601f3081831db9c1ea7522646,official test/query_satellite -> test/gallery_drone,c271b8b342a9642a8ee7bd767ace06f9d934cd58a4c83885d51db2e7b94221df,701,e4607da9f50a694dc9277c628d9f1b284533923e32987e687d9348e5bda71d02,044badb66bb278f517562c721d0eeccef6a5cc3390c66cfae6f3be428f843e5f,full
main_full_seed1_reference,formal_main,university1652,university1652_street_to_satellite,full,resnet18,512,1,2579,951,0.9305932531989143,4.420317952694843,6.863125242341993,12.175261729352464,2.184932120144367,3.4392710775136948,581fc1b40e0dc343f3906c8e180bc843a58d37ba97e8fb5833f2c49ac39a9c99,951,0.028151368722319603,bc283968cc7d90459fc66a11278df1ae9db3532ff81f0d4f82db7d7596487b81,508aa804f4ed6a7bf139252fd97ebc35a0c8fa6496b7a3d33cf5f3a5cb107580,official test/query_street -> test/gallery_satellite,c271b8b342a9642a8ee7bd767ace06f9d934cd58a4c83885d51db2e7b94221df,701,7a9c2d19c8e46fbd0315d8a22ee640fd64cd987a66fa4e28b9ab005c8e51fc17,3bd013e50688919ebd45a45a26cd1eeec417acf239bfd5b476c801c503581d26,full
frozen_sensitivity_run,formal_sensitivity,university1652,university1652_street_to_satellite,backbone_resnet50,resnet50,512,1,2579,951,0.6979449398991857,3.450949980612641,7.018224117875145,11.671190383869718,1.9693449139595032,3.2407447695732117,41ab3d8dde8ed8f26f5f7bd78323427dd8f9085846661c8ecddf7c7401da902f,951,0.032918598502874374,13031c9748bc52940e745eea60549f386914fdad26154cb200eff0ce2f5733a1,925a90dda660e3188c94e4947a5a4638dc916ef8d45471ff00e2f4c1fd1da578,official test/query_street -> test/gallery_satellite,c271b8b342a9642a8ee7bd767ace06f9d934cd58a4c83885d51db2e7b94221df,701,7a9c2d19c8e46fbd0315d8a22ee640fd64cd987a66fa4e28b9ab005c8e51fc17,0df2b8cf7c144cf5024b74561d5686d0ad15d6acc5c138d56da5c921544d1a20,full
frozen_sensitivity_run,formal_sensitivity,university1652,university1652_street_to_satellite,embed_dim_256,resnet18,256,1,2579,951,0.9305932531989143,4.614191547111283,8.336564559906941,11.981388134936022,2.3346688598394394,3.738744556903839,dc8354496c32785b7751cc062a125b5279895d31cc05e32096a2363a53e92c7b,951,0.027999067679047585,9b92b35172a166830679e66306de60f83690f8b0661481c2f3ed8126feb2a714,43d15762ffdab7fcc179cc6cd402e1b5476240577f110fbe3206cc18932db5a2,official test/query_street -> test/gallery_satellite,c271b8b342a9642a8ee7bd767ace06f9d934cd58a4c83885d51db2e7b94221df,701,7a9c2d19c8e46fbd0315d8a22ee640fd64cd987a66fa4e28b9ab005c8e51fc17,795b03039fb65d1a76ed3b53ead6d421800f69e979f63a011aa212e097b7b14e,full
frozen_sensitivity_run,formal_sensitivity,university1652,university1652_street_to_satellite,embed_dim_1024,resnet18,1024,1,2579,951,0.9693679720822024,4.07134548274525,6.669251647925553,11.865063978286157,2.2370439022779465,3.5047199577093124,10362b38ff672c993725d940026c4fc06fcbd79908af511543d7b44bc825099c,951,0.030204560607671738,e7d7f0bebc558a56b97d53c17df46565b7e4cc1c27995700723f672c6d7c38a4,cb1e587ebe89d5aef5e9d740f88f9f80adb16ab654f9707d2f492dcc6d6bdfcc,official test/query_street -> test/gallery_satellite,c271b8b342a9642a8ee7bd767ace06f9d934cd58a4c83885d51db2e7b94221df,701,7a9c2d19c8e46fbd0315d8a22ee640fd64cd987a66fa4e28b9ab005c8e51fc17,044badb66bb278f517562c721d0eeccef6a5cc3390c66cfae6f3be428f843e5f,full
main_full_seed1_reference,formal_main,sues200,sues200_uav_150m_to_satellite,full,resnet18,512,1,4000,200,28.7,65.3,79.45,91.05,37.15789318084717,45.61578333377838,7478740b013990c83c5c21f619bc89b2664ee70ff90fda18ab3b7ac420c870e9,200,0.06461402773857117,97f37be9352a47c842f73899f226175bcb737a5ec5e754b876bf5d400dcff59c,e31ebb628d1fca6fecc9ef71fd6e14916742f68c477a578ffb0ee8539f06fa02,official 80 test IDs as query; all 200 satellite IDs in gallery,1f543fb48416204dacfb5ac48b3bbf3ce4080ce164e75e7a86be748e3d798772,80,57dc33cac810a66f1c276b8dc68466a2562826bfa3d96a19a4e94af56fd0392a,33d9d19b607d969866608e9fbbf8c547d9425d1ffbd40f4445944a8fadb8eb1c,full
frozen_sensitivity_run,formal_sensitivity,sues200,sues200_uav_150m_to_satellite,backbone_resnet50,resnet50,512,1,4000,200,31.55,61.95,73.45,85.39999999999999,38.83672654628754,46.123456954956055,041d43d8c28e34ebb9bcabac090e2a2f54308763d44b2813c69ae6921a5731e7,200,0.06476528942584991,3d406adf69e3575d684880f78f5037d3ba92555486d0fd7af64f4219740e414e,28213a2b90d409bea5c91b2254c5162f1cc67f54b1fc3800a6b4d991d9ca719d,official 80 test IDs as query; all 200 satellite IDs in gallery,1f543fb48416204dacfb5ac48b3bbf3ce4080ce164e75e7a86be748e3d798772,80,57dc33cac810a66f1c276b8dc68466a2562826bfa3d96a19a4e94af56fd0392a,71494b951e4721b1acfa9242c16760b06dfcb8083ae67dbf6d7c4560efb59026,full
frozen_sensitivity_run,formal_sensitivity,sues200,sues200_uav_150m_to_satellite,embed_dim_256,resnet18,256,1,4000,200,26.125,64.625,77.5,90.375,34.799525141716,43.474048376083374,76deb818b94d4dddfe80efc7d68dad656a4e88a386e837a8bed8ed7eb14c1d82,200,0.06483232229948044,36ab6d5ee05ef1e144d31bd032ac0ee9a15a7237646da95e55bba4093e03a208,ac263744786fdb6df3b312a0a7c59de48b66fc1bb7ef7b3fd55243cff01fb6f7,official 80 test IDs as query; all 200 satellite IDs in gallery,1f543fb48416204dacfb5ac48b3bbf3ce4080ce164e75e7a86be748e3d798772,80,57dc33cac810a66f1c276b8dc68466a2562826bfa3d96a19a4e94af56fd0392a,508247f4261dd200b0fd1c83c4b65fba0715114aba88c40004dbe70ee18e5457,full
frozen_sensitivity_run,formal_sensitivity,sues200,sues200_uav_150m_to_satellite,embed_dim_1024,resnet18,1024,1,4000,200,29.799999999999997,69.27499999999999,83.475,93.8,38.42977285385132,47.059544920921326,c8feff53f8b10495107f4917ee1b080e1ca2b02d4956b81951b9919f176b7b76,200,0.06693466007709503,2cc2edb3b985972fbc869d6af7ca3eb306ace1d26f9e7a909857a540e6492cf8,0e8c6e33523d81847e1b83ce07ccdba25b08b0f10dc333c53ba7ece0d9d4bc02,official 80 test IDs as query; all 200 satellite IDs in gallery,1f543fb48416204dacfb5ac48b3bbf3ce4080ce164e75e7a86be748e3d798772,80,57dc33cac810a66f1c276b8dc68466a2562826bfa3d96a19a4e94af56fd0392a,afc3a235a1a96a01e81b9b1f1ef0a4f4a423f6f4c9ffb1fded29330b4573c82b,full
main_full_seed1_reference,formal_main,sues200,sues200_satellite_to_uav_150m,full,resnet18,512,1,80,10000,47.5,62.5,70.0,72.5,34.2816561460495,54.14367914199829,7478740b013990c83c5c21f619bc89b2664ee70ff90fda18ab3b7ac420c870e9,200,0.011567121371626854,97f37be9352a47c842f73899f226175bcb737a5ec5e754b876bf5d400dcff59c,edf55d063af55e51c57eb4ce4363a3b29a876e7e94ec6e8395d979cd429581fe,official 80 test IDs as query; all 200 150m UAV IDs in gallery,1f543fb48416204dacfb5ac48b3bbf3ce4080ce164e75e7a86be748e3d798772,80,a0024554fabfdcd03efe8d46da3c80414baa16d26cf6a40d05e521ce55eeaddc,33d9d19b607d969866608e9fbbf8c547d9425d1ffbd40f4445944a8fadb8eb1c,full
frozen_sensitivity_run,formal_sensitivity,sues200,sues200_satellite_to_uav_150m,backbone_resnet50,resnet50,512,1,80,10000,45.0,62.5,66.25,70.0,32.034775614738464,52.70240902900696,041d43d8c28e34ebb9bcabac090e2a2f54308763d44b2813c69ae6921a5731e7,200,0.015557801350951195,3d406adf69e3575d684880f78f5037d3ba92555486d0fd7af64f4219740e414e,6c9f3ae1fc320403f1bd1977078fd44c84749a45c2d08f37d11bf4580f3cefa5,official 80 test IDs as query; all 200 150m UAV IDs in gallery,1f543fb48416204dacfb5ac48b3bbf3ce4080ce164e75e7a86be748e3d798772,80,a0024554fabfdcd03efe8d46da3c80414baa16d26cf6a40d05e521ce55eeaddc,71494b951e4721b1acfa9242c16760b06dfcb8083ae67dbf6d7c4560efb59026,full
frozen_sensitivity_run,formal_sensitivity,sues200,sues200_satellite_to_uav_150m,embed_dim_256,resnet18,256,1,80,10000,38.75,50.0,56.25,62.5,29.901298880577087,45.444077253341675,76deb818b94d4dddfe80efc7d68dad656a4e88a386e837a8bed8ed7eb14c1d82,200,0.012640711851418018,36ab6d5ee05ef1e144d31bd032ac0ee9a15a7237646da95e55bba4093e03a208,4d03198912d281684ddadd108910364bc4d01c1142c63914f8febe03549411a0,official 80 test IDs as query; all 200 150m UAV IDs in gallery,1f543fb48416204dacfb5ac48b3bbf3ce4080ce164e75e7a86be748e3d798772,80,a0024554fabfdcd03efe8d46da3c80414baa16d26cf6a40d05e521ce55eeaddc,508247f4261dd200b0fd1c83c4b65fba0715114aba88c40004dbe70ee18e5457,full
frozen_sensitivity_run,formal_sensitivity,sues200,sues200_satellite_to_uav_150m,embed_dim_1024,resnet18,1024,1,80,10000,50.0,58.75,61.25000000000001,72.5,32.11316466331482,55.044662952423096,c8feff53f8b10495107f4917ee1b080e1ca2b02d4956b81951b9919f176b7b76,200,0.009441324509680271,2cc2edb3b985972fbc869d6af7ca3eb306ace1d26f9e7a909857a540e6492cf8,d9146a8b5ca1e9b017bbc0c93c89d6f608968b5d817d363f0fb0a1f2f841caf5,official 80 test IDs as query; all 200 150m UAV IDs in gallery,1f543fb48416204dacfb5ac48b3bbf3ce4080ce164e75e7a86be748e3d798772,80,a0024554fabfdcd03efe8d46da3c80414baa16d26cf6a40d05e521ce55eeaddc,afc3a235a1a96a01e81b9b1f1ef0a4f4a423f6f4c9ffb1fded29330b4573c82b,full
main_full_seed1_reference,formal_main,sues200,sues200_uav_200m_to_satellite,full,resnet18,512,1,4000,200,33.15,69.575,82.45,92.925,41.46501421928406,49.78003203868866,7478740b013990c83c5c21f619bc89b2664ee70ff90fda18ab3b7ac420c870e9,200,0.0665510892868042,97f37be9352a47c842f73899f226175bcb737a5ec5e754b876bf5d400dcff59c,b6e408e14b37cd4d630d41e31c7399f2c144e9443da45879c77efc900a0e99da,official 80 test IDs as query; all 200 satellite IDs in gallery,1f543fb48416204dacfb5ac48b3bbf3ce4080ce164e75e7a86be748e3d798772,80,1c63f0c6b60ebe4da0355b53ff295adff78f798586c3e712f31f03804171e221,33d9d19b607d969866608e9fbbf8c547d9425d1ffbd40f4445944a8fadb8eb1c,full
frozen_sensitivity_run,formal_sensitivity,sues200,sues200_uav_200m_to_satellite,backbone_resnet50,resnet50,512,1,4000,200,36.975,69.0,78.875,88.0,44.32305693626404,51.67111158370972,041d43d8c28e34ebb9bcabac090e2a2f54308763d44b2813c69ae6921a5731e7,200,0.06594660133123398,3d406adf69e3575d684880f78f5037d3ba92555486d0fd7af64f4219740e414e,af661b52ad3ef9d816a7c782a2f700244130cb233fbb17afe4dc035f68500546,official 80 test IDs as query; all 200 satellite IDs in gallery,1f543fb48416204dacfb5ac48b3bbf3ce4080ce164e75e7a86be748e3d798772,80,1c63f0c6b60ebe4da0355b53ff295adff78f798586c3e712f31f03804171e221,71494b951e4721b1acfa9242c16760b06dfcb8083ae67dbf6d7c4560efb59026,full
frozen_sensitivity_run,formal_sensitivity,sues200,sues200_uav_200m_to_satellite,embed_dim_256,resnet18,256,1,4000,200,32.125,68.625,81.6,92.72500000000001,40.567877888679504,49.0107536315918,76deb818b94d4dddfe80efc7d68dad656a4e88a386e837a8bed8ed7eb14c1d82,200,0.06770454347133636,36ab6d5ee05ef1e144d31bd032ac0ee9a15a7237646da95e55bba4093e03a208,1a27781e37c50c2e491c5824cbd766857d8b9243e1c44d25773048b3303c4d1a,official 80 test IDs as query; all 200 satellite IDs in gallery,1f543fb48416204dacfb5ac48b3bbf3ce4080ce164e75e7a86be748e3d798772,80,1c63f0c6b60ebe4da0355b53ff295adff78f798586c3e712f31f03804171e221,508247f4261dd200b0fd1c83c4b65fba0715114aba88c40004dbe70ee18e5457,full
frozen_sensitivity_run,formal_sensitivity,sues200,sues200_uav_200m_to_satellite,embed_dim_1024,resnet18,1024,1,4000,200,34.925,73.85000000000001,87.325,94.72500000000001,43.464940786361694,52.00488567352295,c8feff53f8b10495107f4917ee1b080e1ca2b02d4956b81951b9919f176b7b76,200,0.07249912619590759,2cc2edb3b985972fbc869d6af7ca3eb306ace1d26f9e7a909857a540e6492cf8,ba940efe65b81e42e42c619c7ebb2b96e61092871d50533b3f723e93062585ac,official 80 test IDs as query; all 200 satellite IDs in gallery,1f543fb48416204dacfb5ac48b3bbf3ce4080ce164e75e7a86be748e3d798772,80,1c63f0c6b60ebe4da0355b53ff295adff78f798586c3e712f31f03804171e221,afc3a235a1a96a01e81b9b1f1ef0a4f4a423f6f4c9ffb1fded29330b4573c82b,full
main_full_seed1_reference,formal_main,sues200,sues200_satellite_to_uav_200m,full,resnet18,512,1,80,10000,61.25000000000001,71.25,75.0,78.75,40.24636149406433,66.24315977096558,7478740b013990c83c5c21f619bc89b2664ee70ff90fda18ab3b7ac420c870e9,200,0.011378319002687931,97f37be9352a47c842f73899f226175bcb737a5ec5e754b876bf5d400dcff59c,4165634095b87c76de5366b7d4b4914f33e673a9854bb13cc40ead9dada23fc0,official 80 test IDs as query; all 200 200m UAV IDs in gallery,1f543fb48416204dacfb5ac48b3bbf3ce4080ce164e75e7a86be748e3d798772,80,a0024554fabfdcd03efe8d46da3c80414baa16d26cf6a40d05e521ce55eeaddc,33d9d19b607d969866608e9fbbf8c547d9425d1ffbd40f4445944a8fadb8eb1c,full
frozen_sensitivity_run,formal_sensitivity,sues200,sues200_satellite_to_uav_200m,backbone_resnet50,resnet50,512,1,80,10000,50.0,60.0,66.25,73.75,37.11250424385071,55.09066581726074,041d43d8c28e34ebb9bcabac090e2a2f54308763d44b2813c69ae6921a5731e7,200,0.012095126323401928,3d406adf69e3575d684880f78f5037d3ba92555486d0fd7af64f4219740e414e,d0908e1910ad0e9fc79faa7a06489f60a866ca536af528d4fadde78f08d69242,official 80 test IDs as query; all 200 200m UAV IDs in gallery,1f543fb48416204dacfb5ac48b3bbf3ce4080ce164e75e7a86be748e3d798772,80,a0024554fabfdcd03efe8d46da3c80414baa16d26cf6a40d05e521ce55eeaddc,71494b951e4721b1acfa9242c16760b06dfcb8083ae67dbf6d7c4560efb59026,full
frozen_sensitivity_run,formal_sensitivity,sues200,sues200_satellite_to_uav_200m,embed_dim_256,resnet18,256,1,80,10000,46.25,60.0,66.25,75.0,35.71085333824158,53.85830998420715,76deb818b94d4dddfe80efc7d68dad656a4e88a386e837a8bed8ed7eb14c1d82,200,0.010937857441604137,36ab6d5ee05ef1e144d31bd032ac0ee9a15a7237646da95e55bba4093e03a208,24b7ea0b2d1a8f8b3c12df415108977a3ff48e764d82849f8f8a3b4237abe22c,official 80 test IDs as query; all 200 200m UAV IDs in gallery,1f543fb48416204dacfb5ac48b3bbf3ce4080ce164e75e7a86be748e3d798772,80,a0024554fabfdcd03efe8d46da3c80414baa16d26cf6a40d05e521ce55eeaddc,508247f4261dd200b0fd1c83c4b65fba0715114aba88c40004dbe70ee18e5457,full
frozen_sensitivity_run,formal_sensitivity,sues200,sues200_satellite_to_uav_200m,embed_dim_1024,resnet18,1024,1,80,10000,43.75,62.5,67.5,71.25,36.900290846824646,53.070783615112305,c8feff53f8b10495107f4917ee1b080e1ca2b02d4956b81951b9919f176b7b76,200,0.013776789419353008,2cc2edb3b985972fbc869d6af7ca3eb306ace1d26f9e7a909857a540e6492cf8,94fa833b6fd42e913f99b4d397e5d296409eecb2c56bb3e14fa27c63275ec8b0,official 80 test IDs as query; all 200 200m UAV IDs in gallery,1f543fb48416204dacfb5ac48b3bbf3ce4080ce164e75e7a86be748e3d798772,80,a0024554fabfdcd03efe8d46da3c80414baa16d26cf6a40d05e521ce55eeaddc,afc3a235a1a96a01e81b9b1f1ef0a4f4a423f6f4c9ffb1fded29330b4573c82b,full
main_full_seed1_reference,formal_main,sues200,sues200_uav_250m_to_satellite,full,resnet18,512,1,4000,200,35.975,73.575,86.175,94.375,44.43421959877014,52.89343595504761,7478740b013990c83c5c21f619bc89b2664ee70ff90fda18ab3b7ac420c870e9,200,0.06480024755001068,97f37be9352a47c842f73899f226175bcb737a5ec5e754b876bf5d400dcff59c,4be5583e2c695d4a210adf8180e7f902fcf0b3d35eb2c87df99f6d3e91097dba,official 80 test IDs as query; all 200 satellite IDs in gallery,1f543fb48416204dacfb5ac48b3bbf3ce4080ce164e75e7a86be748e3d798772,80,df64ad73d2ea80e1dd0b23fc8074aecd3cbd909b0f4363e60e11a61eb4ffbff8,33d9d19b607d969866608e9fbbf8c547d9425d1ffbd40f4445944a8fadb8eb1c,full
frozen_sensitivity_run,formal_sensitivity,sues200,sues200_uav_250m_to_satellite,backbone_resnet50,resnet50,512,1,4000,200,42.199999999999996,72.075,81.75,89.875,49.131327867507935,56.06265664100647,041d43d8c28e34ebb9bcabac090e2a2f54308763d44b2813c69ae6921a5731e7,200,0.0698479488492012,3d406adf69e3575d684880f78f5037d3ba92555486d0fd7af64f4219740e414e,dbf06d2e3a3658be49168219c7d54eabc824e5f592086a299854f2b420aec24d,official 80 test IDs as query; all 200 satellite IDs in gallery,1f543fb48416204dacfb5ac48b3bbf3ce4080ce164e75e7a86be748e3d798772,80,df64ad73d2ea80e1dd0b23fc8074aecd3cbd909b0f4363e60e11a61eb4ffbff8,71494b951e4721b1acfa9242c16760b06dfcb8083ae67dbf6d7c4560efb59026,full
frozen_sensitivity_run,formal_sensitivity,sues200,sues200_uav_250m_to_satellite,embed_dim_256,resnet18,256,1,4000,200,35.199999999999996,71.325,82.85,93.7,43.42444837093353,51.64889693260193,76deb818b94d4dddfe80efc7d68dad656a4e88a386e837a8bed8ed7eb14c1d82,200,0.07019712775945663,36ab6d5ee05ef1e144d31bd032ac0ee9a15a7237646da95e55bba4093e03a208,2647dadc73d53495b6a4e288f22262dd409069947a1ebd2f81e81c88a1cfe128,official 80 test IDs as query; all 200 satellite IDs in gallery,1f543fb48416204dacfb5ac48b3bbf3ce4080ce164e75e7a86be748e3d798772,80,df64ad73d2ea80e1dd0b23fc8074aecd3cbd909b0f4363e60e11a61eb4ffbff8,508247f4261dd200b0fd1c83c4b65fba0715114aba88c40004dbe70ee18e5457,full
frozen_sensitivity_run,formal_sensitivity,sues200,sues200_uav_250m_to_satellite,embed_dim_1024,resnet18,1024,1,4000,200,35.699999999999996,75.8,89.0,96.15,44.45725083351135,53.214508295059204,c8feff53f8b10495107f4917ee1b080e1ca2b02d4956b81951b9919f176b7b76,200,0.07377209514379501,2cc2edb3b985972fbc869d6af7ca3eb306ace1d26f9e7a909857a540e6492cf8,0e28b33ec3f9f724554f4e8b4a2327c73dd37791494aa3043a70bda607965707,official 80 test IDs as query; all 200 satellite IDs in gallery,1f543fb48416204dacfb5ac48b3bbf3ce4080ce164e75e7a86be748e3d798772,80,df64ad73d2ea80e1dd0b23fc8074aecd3cbd909b0f4363e60e11a61eb4ffbff8,afc3a235a1a96a01e81b9b1f1ef0a4f4a423f6f4c9ffb1fded29330b4573c82b,full
main_full_seed1_reference,formal_main,sues200,sues200_satellite_to_uav_250m,full,resnet18,512,1,80,10000,60.0,73.75,76.25,78.75,43.99617314338684,66.5847897529602,7478740b013990c83c5c21f619bc89b2664ee70ff90fda18ab3b7ac420c870e9,200,0.011518211103975773,97f37be9352a47c842f73899f226175bcb737a5ec5e754b876bf5d400dcff59c,1fcfe16b01a3ae247289521a221c2c4919ade1180919b1e5711140cb2e1b6129,official 80 test IDs as query; all 200 250m UAV IDs in gallery,1f543fb48416204dacfb5ac48b3bbf3ce4080ce164e75e7a86be748e3d798772,80,a0024554fabfdcd03efe8d46da3c80414baa16d26cf6a40d05e521ce55eeaddc,33d9d19b607d969866608e9fbbf8c547d9425d1ffbd40f4445944a8fadb8eb1c,full
frozen_sensitivity_run,formal_sensitivity,sues200,sues200_satellite_to_uav_250m,backbone_resnet50,resnet50,512,1,80,10000,53.75,70.0,72.5,73.75,41.64501130580902,60.52330732345581,041d43d8c28e34ebb9bcabac090e2a2f54308763d44b2813c69ae6921a5731e7,200,0.01340431533753872,3d406adf69e3575d684880f78f5037d3ba92555486d0fd7af64f4219740e414e,93700a7f339671863172bb9f804541c334c271062bfc30b60eafa4ae64b65fee,official 80 test IDs as query; all 200 250m UAV IDs in gallery,1f543fb48416204dacfb5ac48b3bbf3ce4080ce164e75e7a86be748e3d798772,80,a0024554fabfdcd03efe8d46da3c80414baa16d26cf6a40d05e521ce55eeaddc,71494b951e4721b1acfa9242c16760b06dfcb8083ae67dbf6d7c4560efb59026,full
frozen_sensitivity_run,formal_sensitivity,sues200,sues200_satellite_to_uav_250m,embed_dim_256,resnet18,256,1,80,10000,47.5,60.0,71.25,72.5,38.47441077232361,54.64564561843872,76deb818b94d4dddfe80efc7d68dad656a4e88a386e837a8bed8ed7eb14c1d82,200,0.008996875025331974,36ab6d5ee05ef1e144d31bd032ac0ee9a15a7237646da95e55bba4093e03a208,3f16540ef1030db375dd8f369272b9f2c065cbb5f5cbf20d0136be0d1eeee509,official 80 test IDs as query; all 200 250m UAV IDs in gallery,1f543fb48416204dacfb5ac48b3bbf3ce4080ce164e75e7a86be748e3d798772,80,a0024554fabfdcd03efe8d46da3c80414baa16d26cf6a40d05e521ce55eeaddc,508247f4261dd200b0fd1c83c4b65fba0715114aba88c40004dbe70ee18e5457,full
frozen_sensitivity_run,formal_sensitivity,sues200,sues200_satellite_to_uav_250m,embed_dim_1024,resnet18,1024,1,80,10000,50.0,66.25,71.25,81.25,39.405518770217896,57.99661874771118,c8feff53f8b10495107f4917ee1b080e1ca2b02d4956b81951b9919f176b7b76,200,0.010896977968513966,2cc2edb3b985972fbc869d6af7ca3eb306ace1d26f9e7a909857a540e6492cf8,5253be0925f5a8b6235b0e69415beda1c8423b189cf328178bb14dc659ebd592,official 80 test IDs as query; all 200 250m UAV IDs in gallery,1f543fb48416204dacfb5ac48b3bbf3ce4080ce164e75e7a86be748e3d798772,80,a0024554fabfdcd03efe8d46da3c80414baa16d26cf6a40d05e521ce55eeaddc,afc3a235a1a96a01e81b9b1f1ef0a4f4a423f6f4c9ffb1fded29330b4573c82b,full
main_full_seed1_reference,formal_main,sues200,sues200_uav_300m_to_satellite,full,resnet18,512,1,4000,200,38.775,75.1,88.125,95.92500000000001,47.10761606693268,55.44023513793945,7478740b013990c83c5c21f619bc89b2664ee70ff90fda18ab3b7ac420c870e9,200,0.06393842399120331,97f37be9352a47c842f73899f226175bcb737a5ec5e754b876bf5d400dcff59c,b04159ed48233a0c0411d577108ea1fc54dbabe870f662f2fdd9262588b1efca,official 80 test IDs as query; all 200 satellite IDs in gallery,1f543fb48416204dacfb5ac48b3bbf3ce4080ce164e75e7a86be748e3d798772,80,9ed2f51f15e95d86a8b1b19b92bdfafbe954e6ca69c281ff55a8fd5cdcac0fd0,33d9d19b607d969866608e9fbbf8c547d9425d1ffbd40f4445944a8fadb8eb1c,full
frozen_sensitivity_run,formal_sensitivity,sues200,sues200_uav_300m_to_satellite,backbone_resnet50,resnet50,512,1,4000,200,46.675,74.02499999999999,83.8,90.60000000000001,53.09295654296875,59.510910511016846,041d43d8c28e34ebb9bcabac090e2a2f54308763d44b2813c69ae6921a5731e7,200,0.07782106101512909,3d406adf69e3575d684880f78f5037d3ba92555486d0fd7af64f4219740e414e,510290f8f3c126a9c51a135ea17eee11deacbd9fd2564a6277f07d6c91e6071f,official 80 test IDs as query; all 200 satellite IDs in gallery,1f543fb48416204dacfb5ac48b3bbf3ce4080ce164e75e7a86be748e3d798772,80,9ed2f51f15e95d86a8b1b19b92bdfafbe954e6ca69c281ff55a8fd5cdcac0fd0,71494b951e4721b1acfa9242c16760b06dfcb8083ae67dbf6d7c4560efb59026,full
frozen_sensitivity_run,formal_sensitivity,sues200,sues200_uav_300m_to_satellite,embed_dim_256,resnet18,256,1,4000,200,36.0,72.85000000000001,83.825,94.1,44.30682361125946,52.6136577129364,76deb818b94d4dddfe80efc7d68dad656a4e88a386e837a8bed8ed7eb14c1d82,200,0.06970176845788956,36ab6d5ee05ef1e144d31bd032ac0ee9a15a7237646da95e55bba4093e03a208,47b02a44a8bd04bda7c68825bba0204de4bb61ab138efbe0223c882be415f857,official 80 test IDs as query; all 200 satellite IDs in gallery,1f543fb48416204dacfb5ac48b3bbf3ce4080ce164e75e7a86be748e3d798772,80,9ed2f51f15e95d86a8b1b19b92bdfafbe954e6ca69c281ff55a8fd5cdcac0fd0,508247f4261dd200b0fd1c83c4b65fba0715114aba88c40004dbe70ee18e5457,full
frozen_sensitivity_run,formal_sensitivity,sues200,sues200_uav_300m_to_satellite,embed_dim_1024,resnet18,1024,1,4000,200,36.199999999999996,77.55,90.925,98.275,45.02091705799103,53.841835260391235,c8feff53f8b10495107f4917ee1b080e1ca2b02d4956b81951b9919f176b7b76,200,0.0738120749592781,2cc2edb3b985972fbc869d6af7ca3eb306ace1d26f9e7a909857a540e6492cf8,3330dd7b2c09b74573e62234d8f33ac66c67354d4cc17df2dd8cdbabdae04b88,official 80 test IDs as query; all 200 satellite IDs in gallery,1f543fb48416204dacfb5ac48b3bbf3ce4080ce164e75e7a86be748e3d798772,80,9ed2f51f15e95d86a8b1b19b92bdfafbe954e6ca69c281ff55a8fd5cdcac0fd0,afc3a235a1a96a01e81b9b1f1ef0a4f4a423f6f4c9ffb1fded29330b4573c82b,full
main_full_seed1_reference,formal_main,sues200,sues200_satellite_to_uav_300m,full,resnet18,512,1,80,10000,60.0,68.75,75.0,78.75,45.246824622154236,64.75752592086792,7478740b013990c83c5c21f619bc89b2664ee70ff90fda18ab3b7ac420c870e9,200,0.011771034449338913,97f37be9352a47c842f73899f226175bcb737a5ec5e754b876bf5d400dcff59c,f51f3a71da8d6ae7a6166d93e7bfd90e2b9502b48e95b4fbb7860c53a6f2a448,official 80 test IDs as query; all 200 300m UAV IDs in gallery,1f543fb48416204dacfb5ac48b3bbf3ce4080ce164e75e7a86be748e3d798772,80,a0024554fabfdcd03efe8d46da3c80414baa16d26cf6a40d05e521ce55eeaddc,33d9d19b607d969866608e9fbbf8c547d9425d1ffbd40f4445944a8fadb8eb1c,full
frozen_sensitivity_run,formal_sensitivity,sues200,sues200_satellite_to_uav_300m,backbone_resnet50,resnet50,512,1,80,10000,57.49999999999999,71.25,73.75,77.5,44.647201895713806,63.501471281051636,041d43d8c28e34ebb9bcabac090e2a2f54308763d44b2813c69ae6921a5731e7,200,0.009805833920836449,3d406adf69e3575d684880f78f5037d3ba92555486d0fd7af64f4219740e414e,55a0b898302e8dba56369e1b2e235646ed32ae8dc856701752bb08d47b693b2c,official 80 test IDs as query; all 200 300m UAV IDs in gallery,1f543fb48416204dacfb5ac48b3bbf3ce4080ce164e75e7a86be748e3d798772,80,a0024554fabfdcd03efe8d46da3c80414baa16d26cf6a40d05e521ce55eeaddc,71494b951e4721b1acfa9242c16760b06dfcb8083ae67dbf6d7c4560efb59026,full
frozen_sensitivity_run,formal_sensitivity,sues200,sues200_satellite_to_uav_300m,embed_dim_256,resnet18,256,1,80,10000,60.0,66.25,71.25,73.75,41.94237291812897,63.73165845870972,76deb818b94d4dddfe80efc7d68dad656a4e88a386e837a8bed8ed7eb14c1d82,200,0.013375329785048962,36ab6d5ee05ef1e144d31bd032ac0ee9a15a7237646da95e55bba4093e03a208,d9b9e80b2adf460918cf9b89209bf515c2c9e22103dba4b0b6df34a99acc38ac,official 80 test IDs as query; all 200 300m UAV IDs in gallery,1f543fb48416204dacfb5ac48b3bbf3ce4080ce164e75e7a86be748e3d798772,80,a0024554fabfdcd03efe8d46da3c80414baa16d26cf6a40d05e521ce55eeaddc,508247f4261dd200b0fd1c83c4b65fba0715114aba88c40004dbe70ee18e5457,full
frozen_sensitivity_run,formal_sensitivity,sues200,sues200_satellite_to_uav_300m,embed_dim_1024,resnet18,1024,1,80,10000,55.00000000000001,61.25000000000001,66.25,76.25,40.98554253578186,59.77153182029724,c8feff53f8b10495107f4917ee1b080e1ca2b02d4956b81951b9919f176b7b76,200,0.014109374955296516,2cc2edb3b985972fbc869d6af7ca3eb306ace1d26f9e7a909857a540e6492cf8,fc22c75ac71ba99cd77796360a6d1f98ae6443dde82967c14352f8f02fcd9d08,official 80 test IDs as query; all 200 300m UAV IDs in gallery,1f543fb48416204dacfb5ac48b3bbf3ce4080ce164e75e7a86be748e3d798772,80,a0024554fabfdcd03efe8d46da3c80414baa16d26cf6a40d05e521ce55eeaddc,afc3a235a1a96a01e81b9b1f1ef0a4f4a423f6f4c9ffb1fded29330b4573c82b,full
