dataset,task,seed,variant,queries,point_index,requested_coverage,selected_queries,realized_coverage,selective_r_at_1,selective_risk,AURC_discrete_all_prefixes,query_membership_sha256,selection_index_membership_sha256,source_json_sha256
university1652,university1652_satellite_to_drone,1,visual,701,1,0.1,71,0.10128388017118402,0.5633802816901409,0.43661971830985913,0.4209904024468978,e4607da9f50a694dc9277c628d9f1b284533923e32987e687d9348e5bda71d02,47a5ddf13b6156199d494cd6da3ac77aff138f1450c5f81362cdc1b74a3c2f92,033b6eaea71b3084ca043902f6ba03b6487bf1762a9180963357103097d172cc
university1652,university1652_satellite_to_drone,1,visual,701,2,0.2,141,0.20114122681883023,0.6099290780141844,0.3900709219858156,0.4209904024468978,e4607da9f50a694dc9277c628d9f1b284533923e32987e687d9348e5bda71d02,7c03a13c3ef947836ab4fb07c8df46e9a53d40b429a81f8090ecb91e5a03fdc0,033b6eaea71b3084ca043902f6ba03b6487bf1762a9180963357103097d172cc
university1652,university1652_satellite_to_drone,1,visual,701,3,0.3,211,0.30099857346647646,0.6066350710900474,0.39336492890995256,0.4209904024468978,e4607da9f50a694dc9277c628d9f1b284533923e32987e687d9348e5bda71d02,74be76901cd422086cedc49171c8da25919d131c7f45a6d9ce0d0b5e76efaae8,033b6eaea71b3084ca043902f6ba03b6487bf1762a9180963357103097d172cc
university1652,university1652_satellite_to_drone,1,visual,701,4,0.4,281,0.4008559201141227,0.5658362989323843,0.4341637010676157,0.4209904024468978,e4607da9f50a694dc9277c628d9f1b284533923e32987e687d9348e5bda71d02,58708aa6651a3a01209867716ae9dc9858b158bb40a98ecb144f86550a156ab0,033b6eaea71b3084ca043902f6ba03b6487bf1762a9180963357103097d172cc
university1652,university1652_satellite_to_drone,1,visual,701,5,0.5,351,0.5007132667617689,0.5669515669515669,0.4330484330484331,0.4209904024468978,e4607da9f50a694dc9277c628d9f1b284533923e32987e687d9348e5bda71d02,538bcb34e45fa637ed5bd64d70231f9aa714426b4fcf7d705e1cec9030843016,033b6eaea71b3084ca043902f6ba03b6487bf1762a9180963357103097d172cc
university1652,university1652_satellite_to_drone,1,visual,701,6,0.6,421,0.6005706134094151,0.5724465558194775,0.42755344418052255,0.4209904024468978,e4607da9f50a694dc9277c628d9f1b284533923e32987e687d9348e5bda71d02,26d4f44db037c7bc3bc78699f52c9764c9ffbcef437711b5d39dc0917d44844b,033b6eaea71b3084ca043902f6ba03b6487bf1762a9180963357103097d172cc
university1652,university1652_satellite_to_drone,1,visual,701,7,0.7,491,0.7004279600570613,0.5865580448065173,0.4134419551934827,0.4209904024468978,e4607da9f50a694dc9277c628d9f1b284533923e32987e687d9348e5bda71d02,9ec1e7dbe15002d540d65a3ab8b1944c3c2c38ab67df23bf15fb1373c04ba923,033b6eaea71b3084ca043902f6ba03b6487bf1762a9180963357103097d172cc
university1652,university1652_satellite_to_drone,1,visual,701,8,0.8,561,0.8002853067047075,0.5775401069518716,0.42245989304812837,0.4209904024468978,e4607da9f50a694dc9277c628d9f1b284533923e32987e687d9348e5bda71d02,374e79696c2261053630aa099c5161834441bf7ad4e6d70cec21faf1528fe1d4,033b6eaea71b3084ca043902f6ba03b6487bf1762a9180963357103097d172cc
university1652,university1652_satellite_to_drone,1,visual,701,9,0.9,631,0.9001426533523538,0.572107765451664,0.427892234548336,0.4209904024468978,e4607da9f50a694dc9277c628d9f1b284533923e32987e687d9348e5bda71d02,4c8d15bbd29b3b86be62567dd0dc9fe64b952f86cdc229e2a014898be2c58932,033b6eaea71b3084ca043902f6ba03b6487bf1762a9180963357103097d172cc
university1652,university1652_satellite_to_drone,1,visual,701,10,1,701,1,0.5649072753209701,0.43509272467902993,0.4209904024468978,e4607da9f50a694dc9277c628d9f1b284533923e32987e687d9348e5bda71d02,144032bc7f6d71b02124da0617c41a6a5f34e8ac67282933e251665ce4499eb1,033b6eaea71b3084ca043902f6ba03b6487bf1762a9180963357103097d172cc
university1652,university1652_satellite_to_drone,1,full,701,1,0.1,71,0.10128388017118402,0.4225352112676056,0.5774647887323944,0.5621450450775446,e4607da9f50a694dc9277c628d9f1b284533923e32987e687d9348e5bda71d02,c3edd5d38a92431a8cb6879b8f446440f03e129e59a36083e15de915827e2c00,033b6eaea71b3084ca043902f6ba03b6487bf1762a9180963357103097d172cc
university1652,university1652_satellite_to_drone,1,full,701,2,0.2,141,0.20114122681883023,0.41843971631205673,0.5815602836879432,0.5621450450775446,e4607da9f50a694dc9277c628d9f1b284533923e32987e687d9348e5bda71d02,71e1b313134b23ae2c2fde64470e6164dfca47e2501b77029836492d14d1ed11,033b6eaea71b3084ca043902f6ba03b6487bf1762a9180963357103097d172cc
university1652,university1652_satellite_to_drone,1,full,701,3,0.3,211,0.30099857346647646,0.44075829383886256,0.5592417061611374,0.5621450450775446,e4607da9f50a694dc9277c628d9f1b284533923e32987e687d9348e5bda71d02,254a3db7121765512040f3be8b52b87c6652ab8697e65586f7f528c036b3216f,033b6eaea71b3084ca043902f6ba03b6487bf1762a9180963357103097d172cc
university1652,university1652_satellite_to_drone,1,full,701,4,0.4,281,0.4008559201141227,0.43416370106761565,0.5658362989323844,0.5621450450775446,e4607da9f50a694dc9277c628d9f1b284533923e32987e687d9348e5bda71d02,68c824ff58be4f6efb3357d6e53bca0ebb1a153f1967cacb073ff1cc09f16875,033b6eaea71b3084ca043902f6ba03b6487bf1762a9180963357103097d172cc
university1652,university1652_satellite_to_drone,1,full,701,5,0.5,351,0.5007132667617689,0.42450142450142453,0.5754985754985755,0.5621450450775446,e4607da9f50a694dc9277c628d9f1b284533923e32987e687d9348e5bda71d02,a499ea9e6b45b35642bd8c1cf5c7315a4f27c7f3ad9a800e7fbc69b23baa44b0,033b6eaea71b3084ca043902f6ba03b6487bf1762a9180963357103097d172cc
university1652,university1652_satellite_to_drone,1,full,701,6,0.6,421,0.6005706134094151,0.42280285035629456,0.5771971496437054,0.5621450450775446,e4607da9f50a694dc9277c628d9f1b284533923e32987e687d9348e5bda71d02,a623686775b3808ec686622c021b7b4510ed727944a187d346360f28aa1c9587,033b6eaea71b3084ca043902f6ba03b6487bf1762a9180963357103097d172cc
university1652,university1652_satellite_to_drone,1,full,701,7,0.7,491,0.7004279600570613,0.4378818737270876,0.5621181262729125,0.5621450450775446,e4607da9f50a694dc9277c628d9f1b284533923e32987e687d9348e5bda71d02,ecc4ba13a09c7a84cdb0d35a01b28f306a899f3e4b48d598e315d95ff4ac1e1f,033b6eaea71b3084ca043902f6ba03b6487bf1762a9180963357103097d172cc
university1652,university1652_satellite_to_drone,1,full,701,8,0.8,561,0.8002853067047075,0.44563279857397503,0.554367201426025,0.5621450450775446,e4607da9f50a694dc9277c628d9f1b284533923e32987e687d9348e5bda71d02,d58fe9de683c24c130e924be454f9ab00f5d915a42fb3e07f6e1bf243bdd6618,033b6eaea71b3084ca043902f6ba03b6487bf1762a9180963357103097d172cc
university1652,university1652_satellite_to_drone,1,full,701,9,0.9,631,0.9001426533523538,0.45641838351822506,0.5435816164817749,0.5621450450775446,e4607da9f50a694dc9277c628d9f1b284533923e32987e687d9348e5bda71d02,9c20ed1d093a01a6ac1de3477f74ecb84d6bbbf9fae2945a65c39040b13b9e16,033b6eaea71b3084ca043902f6ba03b6487bf1762a9180963357103097d172cc
university1652,university1652_satellite_to_drone,1,full,701,10,1,701,1,0.4593437945791726,0.5406562054208274,0.5621450450775446,e4607da9f50a694dc9277c628d9f1b284533923e32987e687d9348e5bda71d02,144032bc7f6d71b02124da0617c41a6a5f34e8ac67282933e251665ce4499eb1,033b6eaea71b3084ca043902f6ba03b6487bf1762a9180963357103097d172cc
university1652,university1652_satellite_to_drone,2,visual,701,1,0.1,71,0.10128388017118402,0.43661971830985913,0.5633802816901409,0.5041489560601946,e4607da9f50a694dc9277c628d9f1b284533923e32987e687d9348e5bda71d02,128fe4d3e60dc94a94c595e866011841d7942872f2c5e03ffc30b588a9507b3d,033b6eaea71b3084ca043902f6ba03b6487bf1762a9180963357103097d172cc
university1652,university1652_satellite_to_drone,2,visual,701,2,0.2,141,0.20114122681883023,0.475177304964539,0.524822695035461,0.5041489560601946,e4607da9f50a694dc9277c628d9f1b284533923e32987e687d9348e5bda71d02,0c60e81a97b9d7f8447a950a40f652fd06bd2f504725b78ae256a6009263e0a3,033b6eaea71b3084ca043902f6ba03b6487bf1762a9180963357103097d172cc
university1652,university1652_satellite_to_drone,2,visual,701,3,0.3,211,0.30099857346647646,0.46919431279620855,0.5308056872037914,0.5041489560601946,e4607da9f50a694dc9277c628d9f1b284533923e32987e687d9348e5bda71d02,b9e3c15ca1d40ddcd5841c5aee4053a158ad056c210bed0372ea0833417f3e27,033b6eaea71b3084ca043902f6ba03b6487bf1762a9180963357103097d172cc
university1652,university1652_satellite_to_drone,2,visual,701,4,0.4,281,0.4008559201141227,0.49466192170818507,0.5053380782918149,0.5041489560601946,e4607da9f50a694dc9277c628d9f1b284533923e32987e687d9348e5bda71d02,6a26a6e2377a60c35c8a676a4e9919341af4a5ba9f0f82cb436d3a14a5fd5016,033b6eaea71b3084ca043902f6ba03b6487bf1762a9180963357103097d172cc
university1652,university1652_satellite_to_drone,2,visual,701,5,0.5,351,0.5007132667617689,0.5185185185185185,0.4814814814814815,0.5041489560601946,e4607da9f50a694dc9277c628d9f1b284533923e32987e687d9348e5bda71d02,7d2cc1f303cc6b20c713ea9b1a3d6c98d8122cb21e158404565f87b8f138411a,033b6eaea71b3084ca043902f6ba03b6487bf1762a9180963357103097d172cc
university1652,university1652_satellite_to_drone,2,visual,701,6,0.6,421,0.6005706134094151,0.501187648456057,0.498812351543943,0.5041489560601946,e4607da9f50a694dc9277c628d9f1b284533923e32987e687d9348e5bda71d02,af3c05ccd6f9fb4d118d6a52ba8f49cf4def22f988b75633493409ddc509c5c5,033b6eaea71b3084ca043902f6ba03b6487bf1762a9180963357103097d172cc
university1652,university1652_satellite_to_drone,2,visual,701,7,0.7,491,0.7004279600570613,0.4989816700610998,0.5010183299389002,0.5041489560601946,e4607da9f50a694dc9277c628d9f1b284533923e32987e687d9348e5bda71d02,31ae23c59a096f9b2353e41fd4587152218136faddc23b64a0f4b5b3e334474b,033b6eaea71b3084ca043902f6ba03b6487bf1762a9180963357103097d172cc
university1652,university1652_satellite_to_drone,2,visual,701,8,0.8,561,0.8002853067047075,0.5008912655971479,0.4991087344028521,0.5041489560601946,e4607da9f50a694dc9277c628d9f1b284533923e32987e687d9348e5bda71d02,8bc230a0c64a1d59b57c0cd72cd3f8020bfaa9d4dbedcd162e9301dc62720cac,033b6eaea71b3084ca043902f6ba03b6487bf1762a9180963357103097d172cc
university1652,university1652_satellite_to_drone,2,visual,701,9,0.9,631,0.9001426533523538,0.5023771790808241,0.49762282091917587,0.5041489560601946,e4607da9f50a694dc9277c628d9f1b284533923e32987e687d9348e5bda71d02,d340a8b12b858b3da9796397808af29f60526e561834dd825f13503f99118b76,033b6eaea71b3084ca043902f6ba03b6487bf1762a9180963357103097d172cc
university1652,university1652_satellite_to_drone,2,visual,701,10,1,701,1,0.5035663338088445,0.4964336661911555,0.5041489560601946,e4607da9f50a694dc9277c628d9f1b284533923e32987e687d9348e5bda71d02,144032bc7f6d71b02124da0617c41a6a5f34e8ac67282933e251665ce4499eb1,033b6eaea71b3084ca043902f6ba03b6487bf1762a9180963357103097d172cc
university1652,university1652_satellite_to_drone,2,full,701,1,0.1,71,0.10128388017118402,0.38028169014084506,0.619718309859155,0.5829504273523309,e4607da9f50a694dc9277c628d9f1b284533923e32987e687d9348e5bda71d02,d7ff62c5280f34c64540eb47d7b0d059b6964eb849309b3765fdde65598bb43f,033b6eaea71b3084ca043902f6ba03b6487bf1762a9180963357103097d172cc
university1652,university1652_satellite_to_drone,2,full,701,2,0.2,141,0.20114122681883023,0.41843971631205673,0.5815602836879432,0.5829504273523309,e4607da9f50a694dc9277c628d9f1b284533923e32987e687d9348e5bda71d02,f895d5e49b3d0d60268f16350e0d1f46606f6712479d5d8d5a2db5a3f9908ad4,033b6eaea71b3084ca043902f6ba03b6487bf1762a9180963357103097d172cc
university1652,university1652_satellite_to_drone,2,full,701,3,0.3,211,0.30099857346647646,0.43601895734597157,0.5639810426540284,0.5829504273523309,e4607da9f50a694dc9277c628d9f1b284533923e32987e687d9348e5bda71d02,a3b8665d7064ac8028ad3c2111b8c811d2675a8db3d26499ce2e46da75098096,033b6eaea71b3084ca043902f6ba03b6487bf1762a9180963357103097d172cc
university1652,university1652_satellite_to_drone,2,full,701,4,0.4,281,0.4008559201141227,0.44483985765124556,0.5551601423487544,0.5829504273523309,e4607da9f50a694dc9277c628d9f1b284533923e32987e687d9348e5bda71d02,77d2e4129269e31cb4d7cf37cd605c39b2f5ac29f92ac846a5abd64b3c7834c5,033b6eaea71b3084ca043902f6ba03b6487bf1762a9180963357103097d172cc
university1652,university1652_satellite_to_drone,2,full,701,5,0.5,351,0.5007132667617689,0.4301994301994302,0.5698005698005698,0.5829504273523309,e4607da9f50a694dc9277c628d9f1b284533923e32987e687d9348e5bda71d02,2d9414cfbd39c9f4f2c5c6b93a6b6f1a768af7888d5790ace6d63a0b673ac782,033b6eaea71b3084ca043902f6ba03b6487bf1762a9180963357103097d172cc
university1652,university1652_satellite_to_drone,2,full,701,6,0.6,421,0.6005706134094151,0.4251781472684085,0.5748218527315915,0.5829504273523309,e4607da9f50a694dc9277c628d9f1b284533923e32987e687d9348e5bda71d02,cf17c0d2c9f7d502b1930ee06eaa1fe59069761ce95d67266263b37a784b0d64,033b6eaea71b3084ca043902f6ba03b6487bf1762a9180963357103097d172cc
university1652,university1652_satellite_to_drone,2,full,701,7,0.7,491,0.7004279600570613,0.4256619144602851,0.5743380855397149,0.5829504273523309,e4607da9f50a694dc9277c628d9f1b284533923e32987e687d9348e5bda71d02,f3711eb4e255110f99c8b4fb5d7971251fb2c67765436b9dd00acadbb192b253,033b6eaea71b3084ca043902f6ba03b6487bf1762a9180963357103097d172cc
university1652,university1652_satellite_to_drone,2,full,701,8,0.8,561,0.8002853067047075,0.4206773618538324,0.5793226381461676,0.5829504273523309,e4607da9f50a694dc9277c628d9f1b284533923e32987e687d9348e5bda71d02,2811398797743e9965dde1377f2a31e0f701127531aa88259bf6d314fa40a578,033b6eaea71b3084ca043902f6ba03b6487bf1762a9180963357103097d172cc
university1652,university1652_satellite_to_drone,2,full,701,9,0.9,631,0.9001426533523538,0.42789223454833597,0.572107765451664,0.5829504273523309,e4607da9f50a694dc9277c628d9f1b284533923e32987e687d9348e5bda71d02,b91bb893e2d947915a3825b129ed5eeadd055f4e6e093129b77fea2120c48508,033b6eaea71b3084ca043902f6ba03b6487bf1762a9180963357103097d172cc
university1652,university1652_satellite_to_drone,2,full,701,10,1,701,1,0.43081312410841655,0.5691868758915835,0.5829504273523309,e4607da9f50a694dc9277c628d9f1b284533923e32987e687d9348e5bda71d02,144032bc7f6d71b02124da0617c41a6a5f34e8ac67282933e251665ce4499eb1,033b6eaea71b3084ca043902f6ba03b6487bf1762a9180963357103097d172cc
university1652,university1652_satellite_to_drone,3,visual,701,1,0.1,71,0.10128388017118402,0.5492957746478874,0.45070422535211263,0.4413793916542514,e4607da9f50a694dc9277c628d9f1b284533923e32987e687d9348e5bda71d02,c357a1665e63324f334901e9531fdd2ae7128adb7234f32310d0d5116fda360e,033b6eaea71b3084ca043902f6ba03b6487bf1762a9180963357103097d172cc
university1652,university1652_satellite_to_drone,3,visual,701,2,0.2,141,0.20114122681883023,0.5886524822695035,0.4113475177304965,0.4413793916542514,e4607da9f50a694dc9277c628d9f1b284533923e32987e687d9348e5bda71d02,2cefa6ebe6bbff4aa5e14d86e5df0d8e1e0d17f1219680ca3ef611bd167535a4,033b6eaea71b3084ca043902f6ba03b6487bf1762a9180963357103097d172cc
university1652,university1652_satellite_to_drone,3,visual,701,3,0.3,211,0.30099857346647646,0.5592417061611374,0.44075829383886256,0.4413793916542514,e4607da9f50a694dc9277c628d9f1b284533923e32987e687d9348e5bda71d02,bdb48627a1e69e88cac79aada3f72793e23404e7c014490eba58cb3ed0993a02,033b6eaea71b3084ca043902f6ba03b6487bf1762a9180963357103097d172cc
university1652,university1652_satellite_to_drone,3,visual,701,4,0.4,281,0.4008559201141227,0.5516014234875445,0.4483985765124555,0.4413793916542514,e4607da9f50a694dc9277c628d9f1b284533923e32987e687d9348e5bda71d02,f7fbfd25bc5a3c219f886f4b130076c028eda6f91fc0513f50c88b1afa6e78cd,033b6eaea71b3084ca043902f6ba03b6487bf1762a9180963357103097d172cc
university1652,university1652_satellite_to_drone,3,visual,701,5,0.5,351,0.5007132667617689,0.5555555555555556,0.4444444444444444,0.4413793916542514,e4607da9f50a694dc9277c628d9f1b284533923e32987e687d9348e5bda71d02,14334707a70e55520254e981680e1eafad3ce6a0a36d3ea35f5f3ea2b60eb27c,033b6eaea71b3084ca043902f6ba03b6487bf1762a9180963357103097d172cc
university1652,university1652_satellite_to_drone,3,visual,701,6,0.6,421,0.6005706134094151,0.5605700712589073,0.43942992874109266,0.4413793916542514,e4607da9f50a694dc9277c628d9f1b284533923e32987e687d9348e5bda71d02,863ffb91ff85f24b18501f68d480a93b204b2d3272e009d06955153ff268c206,033b6eaea71b3084ca043902f6ba03b6487bf1762a9180963357103097d172cc
university1652,university1652_satellite_to_drone,3,visual,701,7,0.7,491,0.7004279600570613,0.5661914460285132,0.43380855397148677,0.4413793916542514,e4607da9f50a694dc9277c628d9f1b284533923e32987e687d9348e5bda71d02,8f734ba0bb010e495d18d79007c654349c1c08d485b2af8b16e03a06900af71d,033b6eaea71b3084ca043902f6ba03b6487bf1762a9180963357103097d172cc
university1652,university1652_satellite_to_drone,3,visual,701,8,0.8,561,0.8002853067047075,0.5650623885918004,0.43493761140819964,0.4413793916542514,e4607da9f50a694dc9277c628d9f1b284533923e32987e687d9348e5bda71d02,0cc4207b90da6a75b420f367393e20dbd972deb2e9db4254136c61e496dc6919,033b6eaea71b3084ca043902f6ba03b6487bf1762a9180963357103097d172cc
university1652,university1652_satellite_to_drone,3,visual,701,9,0.9,631,0.9001426533523538,0.5625990491283677,0.43740095087163233,0.4413793916542514,e4607da9f50a694dc9277c628d9f1b284533923e32987e687d9348e5bda71d02,a6bce25829dcab0bcf470d12ede8bb06f6e99d59e440f8156209b7501cfba653,033b6eaea71b3084ca043902f6ba03b6487bf1762a9180963357103097d172cc
university1652,university1652_satellite_to_drone,3,visual,701,10,1,701,1,0.5606276747503567,0.4393723252496433,0.4413793916542514,e4607da9f50a694dc9277c628d9f1b284533923e32987e687d9348e5bda71d02,144032bc7f6d71b02124da0617c41a6a5f34e8ac67282933e251665ce4499eb1,033b6eaea71b3084ca043902f6ba03b6487bf1762a9180963357103097d172cc
university1652,university1652_satellite_to_drone,3,full,701,1,0.1,71,0.10128388017118402,0.4084507042253521,0.5915492957746479,0.5834967049311724,e4607da9f50a694dc9277c628d9f1b284533923e32987e687d9348e5bda71d02,ce0b3e328e7dd48fd5ca1d26e05f93defd0a735f8bff0de2479eadc956ba910b,033b6eaea71b3084ca043902f6ba03b6487bf1762a9180963357103097d172cc
university1652,university1652_satellite_to_drone,3,full,701,2,0.2,141,0.20114122681883023,0.425531914893617,0.574468085106383,0.5834967049311724,e4607da9f50a694dc9277c628d9f1b284533923e32987e687d9348e5bda71d02,d67127121f682dd5bbe49ba0d482ab9a89a23dbb7c34ecb24113cc3ca91314d8,033b6eaea71b3084ca043902f6ba03b6487bf1762a9180963357103097d172cc
university1652,university1652_satellite_to_drone,3,full,701,3,0.3,211,0.30099857346647646,0.44549763033175355,0.5545023696682465,0.5834967049311724,e4607da9f50a694dc9277c628d9f1b284533923e32987e687d9348e5bda71d02,3727cff5aed9b54a9f1694a62657725aa984ecb330646e0b862e8eaf07f56ee5,033b6eaea71b3084ca043902f6ba03b6487bf1762a9180963357103097d172cc
university1652,university1652_satellite_to_drone,3,full,701,4,0.4,281,0.4008559201141227,0.4234875444839858,0.5765124555160142,0.5834967049311724,e4607da9f50a694dc9277c628d9f1b284533923e32987e687d9348e5bda71d02,e2828e7ae15fd4ef43a281d229ddeca6bc4afe7d1903bffbdb7dd97dbc122879,033b6eaea71b3084ca043902f6ba03b6487bf1762a9180963357103097d172cc
university1652,university1652_satellite_to_drone,3,full,701,5,0.5,351,0.5007132667617689,0.4188034188034188,0.5811965811965811,0.5834967049311724,e4607da9f50a694dc9277c628d9f1b284533923e32987e687d9348e5bda71d02,db0fa1c90d8f771a54959b0ce0fb846cecd3b311012f1727d5978d4647c1a08f,033b6eaea71b3084ca043902f6ba03b6487bf1762a9180963357103097d172cc
university1652,university1652_satellite_to_drone,3,full,701,6,0.6,421,0.6005706134094151,0.43705463182897863,0.5629453681710214,0.5834967049311724,e4607da9f50a694dc9277c628d9f1b284533923e32987e687d9348e5bda71d02,4fa9621a33f8586e038aefb475076d4c56ce99db67d17f636854ea2a984d0000,033b6eaea71b3084ca043902f6ba03b6487bf1762a9180963357103097d172cc
university1652,university1652_satellite_to_drone,3,full,701,7,0.7,491,0.7004279600570613,0.42973523421588594,0.570264765784114,0.5834967049311724,e4607da9f50a694dc9277c628d9f1b284533923e32987e687d9348e5bda71d02,24f93259d07d1469c0cac6653a999e12989d7e5a0d16fdeb36af4468e2d1b216,033b6eaea71b3084ca043902f6ba03b6487bf1762a9180963357103097d172cc
university1652,university1652_satellite_to_drone,3,full,701,8,0.8,561,0.8002853067047075,0.42424242424242425,0.5757575757575757,0.5834967049311724,e4607da9f50a694dc9277c628d9f1b284533923e32987e687d9348e5bda71d02,a54164281ee364d5c5ac204f71e6862014c1ec2f5d462f1ee2819d871b08ec0f,033b6eaea71b3084ca043902f6ba03b6487bf1762a9180963357103097d172cc
university1652,university1652_satellite_to_drone,3,full,701,9,0.9,631,0.9001426533523538,0.43740095087163233,0.5625990491283677,0.5834967049311724,e4607da9f50a694dc9277c628d9f1b284533923e32987e687d9348e5bda71d02,0e14e09a123ede62b20ab6ec2651be5779bb2e8fba2cd2dfa951fd37f86c05eb,033b6eaea71b3084ca043902f6ba03b6487bf1762a9180963357103097d172cc
university1652,university1652_satellite_to_drone,3,full,701,10,1,701,1,0.43509272467902993,0.5649072753209701,0.5834967049311724,e4607da9f50a694dc9277c628d9f1b284533923e32987e687d9348e5bda71d02,144032bc7f6d71b02124da0617c41a6a5f34e8ac67282933e251665ce4499eb1,033b6eaea71b3084ca043902f6ba03b6487bf1762a9180963357103097d172cc
